id,baseline_algo,original_points,baseline_points,simplify_points,baseline_frechet,simplify_frechet,baseline_time,simplify_time,best_e,best_d
1,DP,588,98,62,665.7421740552596,613.6022463625008,0.005662124982336536,5.835883874999126,0.75,380.42409946014834
1,DOTS,588,194,132,29.770863400436983,27.443897125467945,0.026545542001258582,6.645153084013145,0.75,17.01192194310685
1,SQUISH,588,58,32,1979.988501317559,1824.9115762125657,0.004157207993557677,5.711036708991742,0.75,1131.4220007528909
2,DP,1674,681,396,425.53860496258875,392.214200263772,0.009390332998009399,8.186369958013529,0.75,243.16491712147928
2,DOTS,1674,1567,1164,30.353248293173685,27.98130412976167,0.03221616699011065,10.527622207038803,0.75,17.344713310384964
2,SQUISH,1674,167,72,3043.468497258587,2805.1007679312643,0.004944250016706064,8.784139625000535,0.75,1739.1248555763354
3,DP,1371,164,116,291.03612017852373,268.248330555709,0.006855999992694706,8.352843708969885,0.75,166.30635438772785
3,DOTS,1371,637,454,30.762969306909543,28.35798910634875,0.15324687500833534,10.858161584008485,0.75,17.57883960394831
3,SQUISH,1371,137,50,714.0485129407639,658.1276518295094,0.0049102919874712825,6.626623416988878,0.75,408.0277216804365
4,DP,672,75,74,217.0181040049075,200.0254743218854,0.004573624988552183,5.431515625008615,0.75,124.01034514566143
4,DOTS,672,135,108,22.237558239300526,20.50044362535372,0.17110512498766184,6.254755917994771,0.75,12.707176136743158
4,SQUISH,672,67,40,738.4220826353994,680.5909751370775,0.003806958004133776,5.772373790998245,0.75,421.9554757916568
5,DP,798,196,102,691.8089890126925,637.6344107342708,0.004874040983850136,6.919897540996317,0.75,395.3194222929671
5,DOTS,798,337,302,4.616333021022746,4.260102771344491,0.02334633399732411,6.320292750984663,0.75,2.637904583441569
5,SQUISH,798,79,42,1894.4059797054408,1746.0319840040113,0.0044660409912467,6.2314596669748425,0.75,1082.5177026888234
6,DP,792,76,66,238.84309686685597,220.1402695906483,0.00485016600578092,5.97508283299976,0.75,136.48176963820342
6,DOTS,792,388,234,29.440953703872378,27.139502938668645,0.02585004098364152,6.989281500020297,0.75,16.823402116498503
6,SQUISH,792,79,40,477.3178032605049,439.93764024050324,0.004253874998539686,6.526967957994202,0.75,272.7530304345742
7,DP,454,188,182,199.68838773994975,184.05360327132004,0.004538750014035031,5.913594583980739,0.75,114.10765013711413
7,DOTS,454,385,326,1.9952680816630264,1.8438381665120156,0.02213820899487473,5.789745333982864,0.75,1.1401531895217294
7,SQUISH,454,45,20,3624.0145675796616,3340.170804042566,0.004289042000891641,4.883343209017767,0.75,2070.8654671883783
8,DP,5,5,10,0.0,8.879192686811778e-07,0.002561583009082824,3.787379499990493,0.25,0.0
8,DOTS,5,5,10,0.0,8.879192686811778e-07,0.013784792012302205,4.53181441698689,0.25,0.0
8,SQUISH,5,1,-1,,-1,0.002273499994771555,-1,-1,-1
9,DP,643,222,96,709.1629536293013,653.6237186706072,0.0038817909953650087,5.457214042980922,0.75,405.2359735024579
9,DOTS,643,556,444,25.711380077775473,23.70304061525184,0.021496208995813504,6.881093791977037,0.75,14.69221718730027
9,SQUISH,643,64,24,1967.7068065889248,1813.589091542484,0.004025749978609383,5.570319083984941,0.75,1124.4038894793855
10,DP,5617,313,-1,198.79545132234045,-1,0.014199582976289093,-1,-1,-1
10,DOTS,5617,2490,-1,28.095495431356625,-1,0.07201662499574013,-1,-1,-1
10,SQUISH,5617,561,-1,579.424314748119,-1,0.011449249985162169,-1,-1,-1
11,DP,703,267,262,211.37756848023093,194.82688366987088,0.005586208979366347,6.666236916003982,0.75,120.7871819887034
11,DOTS,703,637,436,29.847798083519553,27.514771371326113,0.025101832987274975,8.779246874997625,0.75,17.055884619154032
11,SQUISH,703,70,26,3149.369141964579,2902.7049818172723,0.005028540996136144,5.71347958399565,0.75,1799.639509694045
12,DP,814,3,4,230.38129142225083,206.5887009882768,0.005009249987779185,10.290052999014733,0.5,153.58752761483387
12,DOTS,814,158,92,23.108981953127604,21.29903238550201,0.024789291026536375,5.835018750018207,0.75,13.205132544644345
12,SQUISH,814,81,42,55.84695826304789,51.476706223691615,0.004922791995340958,7.743622207985027,0.75,31.912547578884507
13,DP,368,206,184,231.24233163407607,440.2582024263375,0.004765249992487952,10.866817292000633,0.25,184.99386530726085
13,DOTS,368,334,294,28.270714768499296,26.062030063797906,0.019453125016298145,5.709666415990796,0.75,16.15469415342817
13,SQUISH,368,36,4,8755.942369356322,7381.767436764467,0.004376833006972447,4.550646124989726,0.5,5837.2949129042145
14,DP,661,150,74,537.8174403295876,495.699162621038,0.004066708992468193,5.659975623973878,0.75,307.3242516169072
14,DOTS,661,490,322,29.390881874042048,27.094463158674436,0.02155208299518563,6.863798000005772,0.75,16.79478964230974
14,SQUISH,661,66,20,1786.930429223478,1646.9748683270495,0.004372208990389481,6.337737333000405,0.75,1021.1031024134161
15,DP,1131,307,190,375.2395374919158,345.85421436325663,0.006712417001836002,6.508672374999151,0.75,214.42259285252334
15,DOTS,1131,902,628,26.64695518715059,24.564883899693914,0.026805791014339775,8.369097707996843,0.75,15.226831535514622
15,SQUISH,1131,113,20,3031.2469435856638,2793.833091728057,0.005126834003021941,7.339832041005138,0.75,1732.1411106203793
16,DP,4463,9,-1,201.41505476250808,-1,0.010711334005463868,-1,-1,-1
16,DOTS,4463,212,-1,12.489356968345705,-1,0.08739541698014364,-1,-1,-1
16,SQUISH,4463,446,-1,12.741278812196247,-1,0.010596207983326167,-1,-1,-1
17,DP,1979,59,44,382.0820775524746,352.1613935111476,0.03925212498870678,10.77450858199154,0.75,218.33261574427118
17,DOTS,1979,324,180,22.31810605422012,20.57470319813429,0.03644908301066607,13.683240625017788,0.75,12.753203459554355
17,SQUISH,1979,197,66,166.8767071917295,153.81104613036595,0.005791458010207862,9.329700084024807,0.75,95.358118395274
18,DP,1615,3,6,7741.344064725039,7135.0275362521525,0.005966750002698973,8.855373083031736,0.75,4423.625179842879
18,DOTS,1615,86,54,22.1657835305181,20.433779497692704,0.031962333974661306,9.662138917017728,0.75,12.666162017438916
18,SQUISH,1615,161,78,14.415741635090841,7741.303503034301,0.005687458993634209,13.53661695800838,0.5,9.610494423393893
19,DP,808,14,16,195.86515555665693,180.5216057397146,0.00504737498704344,7.280576458986616,0.75,111.92294603237539
19,DOTS,808,111,64,29.36560600562614,27.069796027198088,0.02667058299994096,8.110904498986201,0.75,16.780346288929223
19,SQUISH,808,80,38,51.369560747220866,47.34938408227666,0.004595916019752622,5.948841208009981,0.75,29.354034712697636
20,DP,1520,168,188,194.3883800664054,179.16900036006888,0.006968958012294024,9.619776917010313,0.75,111.07907432366024
20,DOTS,1520,422,308,24.314679595695754,22.415250093931252,0.035111958015477285,11.07544429198606,0.75,13.89410262611186
20,SQUISH,1520,152,48,1306.130459819141,1203.8302626731231,0.004558000015094876,9.498529666016111,0.75,746.3602627537948
21,DP,1491,193,160,294.57040141830004,271.50240278043464,0.009721541020553559,10.363280999998096,0.75,168.32594366760003
21,DOTS,1491,491,358,26.886500762440107,24.78569490325386,0.0314454160106834,9.79511704199831,0.75,15.363714721394347
21,SQUISH,1491,149,76,829.3400420233854,764.3859270810767,0.0052252080058678985,7.944260249991203,0.75,473.90859544193455
22,DP,2,2,4,0.0,1.9999999494757503e-05,0.003394125000340864,3.7327557079843245,0.25,0.0
22,DOTS,2,2,4,0.0,1.9999999494757503e-05,0.015439042006619275,3.7218950430105906,0.25,0.0
22,SQUISH,2,1,-1,,-1,0.003985874995123595,-1,-1,-1
23,DP,865,188,92,547.4077114308266,504.5418455051308,0.004335374978836626,6.976720375008881,0.75,312.8044065319009
23,DOTS,865,386,318,19.388455981781437,17.874835430599457,0.02437720901798457,7.900907749979524,0.75,11.079117703875108
23,SQUISH,865,86,22,1675.8342975140492,1544.5752527808986,0.004695917014032602,6.54312166699674,0.75,957.6195985794567
24,DP,2030,50,46,184.60283835206016,170.14808568142433,0.006967458000872284,9.947615582990693,0.75,105.48733620117723
24,DOTS,2030,571,338,27.93129266676717,25.745092847828815,0.037337667017709464,9.95233804101008,0.75,15.960738666724097
24,SQUISH,2030,203,88,109.04636000421223,100.51040682153815,0.0056067080004140735,9.745081625005696,0.75,62.3122057166927
25,DP,2260,209,192,243.03428707921185,224.00184765133753,0.008688542002346367,11.721934375993442,0.75,138.87673547383534
25,DOTS,2260,1568,860,31.236269279112612,28.79447823640896,0.04088666700408794,14.307828749995679,0.75,17.84929673092149
25,SQUISH,2260,226,52,697.3547405064712,642.7315394687744,0.006275083986110985,11.607054291991517,0.75,398.48842314655496
26,DP,1544,7,10,147.40435159172856,135.86069283235628,0.007391000021016225,9.762301707989536,0.75,84.23105805241632
26,DOTS,1544,180,98,25.359978396834897,23.375703150067416,0.032458582980325446,8.909626998996828,0.75,14.491416226762798
26,SQUISH,1544,154,50,41.74074695206569,38.47558252913949,0.005528416979359463,7.777782082994236,0.75,23.851855401180394
27,DP,1974,492,468,206.94723376482176,190.74475669967643,0.008655917015857995,9.40028270802577,0.75,118.25556215132671
27,DOTS,1974,1555,1028,26.662367872434302,24.57891204841319,0.03481220899266191,10.971398416004376,0.75,15.235638784248172
27,SQUISH,1974,197,80,1757.0182371816945,1619.4076180340464,0.005923791992245242,9.817842498974642,0.75,1004.0104212466825
28,DP,6023,503,-1,199.98383113819233,-1,0.0158468330046162,-1,-1,-1
28,DOTS,6023,2497,-1,,-1,0.30232791701564565,-1,-1,-1
28,SQUISH,6023,602,-1,800.4150300790631,-1,0.011573666997719556,-1,-1,-1
29,DP,1404,507,468,229.8878324638124,211.88901222364024,0.007191540993517265,9.306281166995177,0.75,131.3644756936071
29,DOTS,1404,1241,882,31.433040151857572,28.976193383932884,0.02780954202171415,7.311457374977181,0.75,17.9617372296329
29,SQUISH,1404,140,56,2544.1593094143172,2344.8972191349635,0.005049790983321145,7.695871208037715,0.75,1453.805319665324
30,DP,1966,524,484,214.95868145309947,198.12812158432433,0.008613250014605,9.708091375010554,0.75,122.83353225891399
30,DOTS,1966,1717,1176,25.528330129421043,23.53448468873279,0.03569566601072438,11.592659625021042,0.75,14.587617216812024
30,SQUISH,1966,196,70,2174.5593128666883,2006.2411709526023,0.005511666997335851,8.592161042033695,0.75,1242.6053216381076
31,DP,3602,94,72,292.67068133530825,269.7502248601637,0.010841791983693838,15.178065832995344,0.75,167.24038933446187
31,DOTS,3602,1031,436,29.80177638500007,264.4068318841909,0.05198337501497008,13.116973207972478,0.75,17.029586505714327
31,SQUISH,3602,360,84,234.89997295467882,216.50583164414107,0.007347915990976617,19.506947541987756,0.75,134.2285559741022
32,DP,550,156,150,216.51221585045724,199.55909590514858,0.004627165995771065,5.198943082999904,0.75,123.72126620026128
32,DOTS,550,411,320,24.295679107034793,22.397708903246333,0.020537750009680167,7.00623045800603,0.75,13.883245204019882
32,SQUISH,550,55,20,1898.6505060258246,1749.9439044084936,0.0032922500104177743,6.084536791982828,0.75,1084.9431463004712
33,DP,975,373,276,321.48339289699925,296.31148966703967,0.006180249998578802,7.4108757080102805,0.75,183.70479594114244
33,DOTS,975,739,622,25.154328041471842,23.189423051866235,0.026069249986903742,7.527903292007977,0.75,14.37390173798391
33,SQUISH,975,97,34,3069.133022685597,2792.659134685408,0.005538832978345454,6.267168875987409,0.75,1753.790298677484
34,DP,4594,214,-1,270.26748978721537,-1,0.012656208011321723,-1,-1,-1
34,DOTS,4594,1869,-1,30.2363012928969,-1,0.06014487499487586,-1,-1,-1
34,SQUISH,4594,459,102,504.2101626457978,464.722015747984,0.009028875007061288,17.252122791018337,0.75,288.1200929404559
35,DP,5621,86,-1,243.43484662138732,-1,0.013381750002736226,-1,-1,-1
35,DOTS,5621,1006,-1,22.791060524120585,-1,0.1499236249946989,-1,-1,-1
35,SQUISH,5621,562,-1,77.6149127739528,-1,0.011192417005077004,-1,-1,-1
36,DP,464,161,164,192.3462755952645,177.28634489833965,0.020157249993644655,5.101751874026377,0.75,109.91215748300829
36,DOTS,464,270,228,21.891502682467078,20.181435435337054,0.022055832989281043,5.247344917035662,0.75,12.509430104266901
36,SQUISH,464,46,22,4376.492991892323,4009.3961180811393,0.0035285000049043447,5.267608624999411,0.75,2500.8531382241845
37,DP,426,36,34,225.06762924163314,207.4429172345154,0.0031688330054748803,5.040164834033931,0.75,128.6100738523618
37,DOTS,426,181,104,29.61488903577063,27.299838358596208,0.017774500011000782,5.364630125026451,0.75,16.922793734726074
37,SQUISH,426,42,14,982.5584307585218,905.6022846167531,0.0027841670089401305,5.302430917014135,0.75,561.461960433441
38,DP,1446,355,224,394.0810311408652,363.2212445876931,0.006121291982708499,9.560658208967652,0.75,225.18916065192298
38,DOTS,1446,705,580,27.944001032202713,25.760501856570148,0.03329829199356027,9.760709458991187,0.75,15.968000589830122
38,SQUISH,1446,144,54,1902.56910798414,1753.559737595969,0.004090958012966439,8.394390500005102,0.75,1087.1823474195085
39,DP,1890,498,374,297.4182054342215,407.2858456032173,0.007071625004755333,9.649536084005376,0.75,169.95326024812655
39,DOTS,1890,1246,972,27.157281169576894,184.2373641188377,0.03510287500103004,8.689925499988021,0.75,15.518446382615368
39,SQUISH,1890,189,54,2528.216905044804,2330.20542181692,0.004465249978238717,8.897355958994012,0.75,1444.6953743113168
40,DP,7,6,14,0.0,0.004881548125270566,0.0024609160027466714,4.0204399159993045,0.25,0.0
40,DOTS,7,7,14,0.0,0.004881548125270566,0.014377624989720061,3.987914416997228,0.25,0.0
40,SQUISH,7,1,-1,,-1,0.003124792012386024,-1,-1,-1
41,DP,1792,344,340,199.5133662941376,183.8918085014311,0.00665325002046302,9.621360709017608,0.75,114.00763788236434
41,DOTS,1792,842,618,29.989361111095807,27.645660336174107,0.032791499979794025,10.798533750028582,0.75,17.136777777769034
41,SQUISH,1792,179,56,1910.781208571776,1761.1271982498288,0.004089541995199397,9.44225400002324,0.75,1091.8749763267292
42,DP,1575,19,16,259.05556802875924,238.76694540223252,0.005418916989583522,8.51723350098473,0.75,148.031753159291
42,DOTS,1575,211,110,30.12159402614198,27.764016684629407,0.031634290993679315,9.010559667018242,0.75,17.212339443509702
42,SQUISH,1575,157,70,49.554987956211626,45.67378608760073,0.004982624988770112,7.663403124985052,0.75,28.317135974978072
43,DP,5,5,10,0.0,0.004622599544535904,0.0026923750119749457,3.737929750001058,0.25,0.0
43,DOTS,5,5,10,0.0,0.004622599544535904,0.014966707996791229,3.732754667988047,0.25,0.0
43,SQUISH,5,1,-1,,-1,0.0022779999999329448,-1,-1,-1
44,DP,1603,212,198,197.21346289930395,181.77015177889854,0.006328499992378056,9.112958667014027,0.75,112.69340737103083
44,DOTS,1603,570,428,30.958232641361167,28.538957044127443,0.031936957995640114,10.509238124999683,0.75,17.690418652206382
44,SQUISH,1603,160,44,1272.0520802497874,1172.4276050377189,0.004231833998346701,8.155158457986545,0.75,726.8869029998785
45,DP,3,3,6,0.0,0.0007500858199591676,0.003037749993382022,4.058857833006186,0.25,0.0
45,DOTS,3,3,6,0.0,0.0007500858199591676,0.01585470902500674,3.957169792003697,0.25,0.0
45,SQUISH,3,1,-1,,-1,0.002847166993888095,-1,-1,-1
46,DP,1693,190,158,219.1393207282152,201.97900093873764,0.00630387500859797,9.95711875098641,0.75,125.22246898755155
46,DOTS,1693,894,600,31.36637953927302,28.914727327294376,0.040596375009045005,10.018383749993518,0.75,17.923645451013154
46,SQUISH,1693,169,60,565.2790494264402,521.0015661569602,0.0051561250002123415,9.312212999997428,0.75,323.0165996722516
47,DP,8,6,8,0.9359402999759509,0.8629572844170608,0.002666666987352073,3.9890831249940675,0.75,0.5348230285576862
47,DOTS,8,7,16,0.0,0.004272953071379053,0.015090000000782311,3.991410626011202,0.25,0.0
47,SQUISH,8,1,-1,,-1,0.0024573749979026616,-1,-1,-1
48,DP,905,243,172,354.02924338762443,326.3061810064598,0.0046015419939067215,7.056250874971738,0.75,202.30242479292824
48,DOTS,905,457,400,13.581427365295433,12.522285244402255,0.06423995899967849,7.570299333019648,0.75,7.7608156373116755
48,SQUISH,905,90,40,2194.4083843344592,2022.538456125685,0.0031582500087097287,6.845332666998729,0.75,1253.9476481911195
49,DP,763,245,246,199.4032402399964,183.78979652889953,0.005258334014797583,6.659225834009703,0.75,113.94470870856937
49,DOTS,763,668,494,19.49958137735975,17.977434487613962,0.023095041018677875,6.187289209017763,0.75,11.142617929919856
49,SQUISH,763,76,26,2491.22196980629,2295.828110774959,0.00466029200470075,5.671688125003129,0.75,1423.55541131788
50,DP,576,207,200,250.46869529439667,230.85589537498706,0.004971250018570572,5.86551795899868,0.75,143.12496873965523
50,DOTS,576,477,366,16.33366426918832,15.058720141325747,0.020617624977603555,5.690336541010765,0.75,9.333522439536182
50,SQUISH,576,57,26,3637.6931049871896,3352.7814987281963,0.0027681670035235584,5.139571624982636,0.75,2078.681774278394
51,DP,858,153,142,229.22932055952373,211.27988152851634,0.004432832996826619,6.621864124026615,0.75,130.9881831768707
51,DOTS,858,679,426,26.80675670871812,24.71182272933298,0.024146749987266958,7.146476875001099,0.75,15.318146690696068
51,SQUISH,858,85,42,979.7611542096273,903.0311224260982,0.004384166997624561,6.497296540997922,0.75,559.8635166912156
52,DP,1059,6,6,177.7595512241864,163.83993385645942,0.006754290981916711,7.197386416984955,0.75,101.5768864138208
52,DOTS,1059,181,128,20.578472207477997,18.970558041838064,0.027547042001970112,7.88194179101265,0.75,11.759126975701713
52,SQUISH,1059,105,38,64.18856854500756,59.1635972719577,0.004844874987611547,6.942754916002741,0.75,36.6791820257186
53,DP,1837,85,32,531.1332048455772,489.5369375600599,0.011488082993309945,9.565650749980705,0.75,303.50468848318695
53,DOTS,1837,716,420,29.778825187448046,27.45112610423679,0.035957207990577444,10.644577624974772,0.75,17.016471535684598
53,SQUISH,1837,183,78,258.13598350493896,237.92110924761417,0.004779250011779368,8.992780916014453,0.75,147.50627628853655
54,DP,1636,403,342,250.28513680515957,230.68717697647892,0.007734666985925287,11.559329749987228,0.75,143.0200781743769
54,DOTS,1636,1022,772,30.108025600649952,27.754512238146347,0.033148957998491824,10.823763001011685,0.75,17.20458605751426
54,SQUISH,1636,163,58,1719.5444827277395,1584.8665526212205,0.005174416000954807,8.295498292020056,0.75,982.596847272994
55,DP,1552,237,164,383.13831452124055,353.1342779038129,0.006936666002729908,12.20850491602323,0.75,218.93617972642318
55,DOTS,1552,617,458,28.38011314413526,26.162836295869017,0.032949999993434176,13.698929250007495,0.75,16.217207510934436
55,SQUISH,1552,155,54,1244.7970653607913,1147.3061062347097,0.004401915997732431,7.800211749970913,0.75,711.3126087775951
56,DP,1799,400,256,449.2397705086244,414.0614946042021,0.007722292008111253,13.685427666991018,0.75,256.7084402906425
56,DOTS,1799,952,722,29.055728356987125,26.7853864991707,0.036670542001957074,15.136445208016085,0.75,16.603273346849786
56,SQUISH,1799,179,76,1867.2399776257084,1720.9968455393043,0.005276417010463774,10.48817795800278,0.75,1066.9942729289762
57,DP,676,231,114,699.8160541219102,645.0073924134125,0.005097957997350022,6.192092708981363,0.75,399.89488806966295
57,DOTS,676,586,418,30.087762638991475,27.73615203537229,0.02247666599578224,5.703963831969304,0.75,17.193007222280844
57,SQUISH,676,67,18,3783.092229750464,3486.7955472235813,0.003191249998053536,5.380661417002557,0.75,2161.7669884288366
58,DP,1791,350,290,286.24822102010063,263.83332960288044,0.006944292021216825,10.87245016801171,0.75,163.57041201148607
58,DOTS,1791,793,628,27.14766593755164,25.026643429105576,0.04666045799967833,12.762055541970767,0.75,15.512951964315222
58,SQUISH,1791,179,62,1897.8805518374688,1749.2348038940606,0.005558541975915432,7.316705792036373,0.75,1084.5031724785536
59,DP,1721,82,42,360.3070105251181,332.08603865193265,0.005445582995889708,8.443914000003133,0.75,205.88972030006747
59,DOTS,1721,410,276,27.621355842949544,25.46309414066373,0.0325120419729501,9.708994374988833,0.75,15.783631910256883
59,SQUISH,1721,172,60,240.19011698354228,221.3841330894756,0.005005000013625249,8.54601004102733,0.75,137.25149541916701
60,DP,1714,3,4,221.39281544090574,201.27659457689492,0.005970792000880465,9.193348541972227,0.75,126.51018025194614
60,DOTS,1714,121,60,21.653735901028753,19.959470410744498,0.035476500022923574,8.420823876018403,0.75,12.37356337201643
60,SQUISH,1714,171,40,35.11883481009911,32.368698117751656,0.00526008298038505,9.228667875984684,0.75,20.06790560577092
61,DP,1749,528,246,578.0153430181093,532.7494236725514,0.008104124979581684,8.956723625044106,0.75,330.2944817246339
61,DOTS,1749,1153,902,26.677419154996038,24.593072782110372,0.03413883299799636,10.718451667024055,0.75,15.244239517140594
61,SQUISH,1749,174,50,3299.5734963162404,3041.1474882619646,0.004916042002150789,9.24366633297177,0.75,1885.470569323566
62,DP,1673,3,4,90.78016036567067,82.53520183217006,0.006445292005082592,6.441051249013981,0.75,51.87437735181181
62,DOTS,1673,66,34,13.981452055547276,12.885869775679257,0.06325066700810567,8.2426230830024,0.75,7.989401174598443
62,SQUISH,1673,167,54,8.812766596974264,8.126100603097543,0.004381708014989272,8.76997616700828,0.75,5.035866626842436
63,DP,1697,616,270,722.5014268004281,665.9180392627391,0.008237333997385576,10.501749707997078,0.75,412.8579581716732
63,DOTS,1697,1352,1104,24.885732951240136,22.942168805212894,0.032577083009527996,11.491808834049152,0.75,14.220418829280078
63,SQUISH,1697,169,48,3937.585710707999,3629.1862013031096,0.004434458998730406,8.773285001021577,0.75,2250.048977547428
64,DP,1374,556,494,241.92655106964528,222.98288885143407,0.007651624997379258,8.797104375960771,0.75,138.24374346836873
64,DOTS,1374,1244,980,24.597822694354406,22.67651428556701,0.029357583000091836,11.61998241697438,0.75,14.055898682488232
64,SQUISH,1374,137,36,4440.809256235122,4092.9907851512276,0.004807499994058162,8.521390873997007,0.75,2537.6052892772127
65,DP,1223,520,260,501.4503829893398,462.18173924535904,0.007100583985447884,8.530492749996483,0.75,286.5430759939085
65,DOTS,1223,1156,918,30.278098329278457,27.911692520820093,0.34934087499277666,8.184461251017638,0.75,17.301770473873404
65,SQUISH,1223,122,34,3931.3493645482263,3623.440808640465,0.003943666990380734,7.827574875002028,0.75,2246.485351170415
66,DP,1009,143,126,199.59771334294925,183.96959074462342,0.00571374999708496,6.661602459003916,0.75,114.055836195971
66,DOTS,1009,771,438,30.72359203508534,28.32180926665627,0.02644883401808329,7.824037624988705,0.75,17.556338305763052
66,SQUISH,1009,100,26,1048.2218244347728,966.1271489957761,0.004506916011450812,6.721511001000181,0.75,598.983899677013
67,DP,4,2,8,0.0,0.0,0.00344137498177588,5.207921458000783,0.25,0.0
67,DOTS,4,2,8,0.0,0.0,0.015325416985433549,3.827258207980776,0.25,0.0
67,SQUISH,4,1,-1,,-1,0.00305483301053755,-1,-1,-1
68,DP,2184,586,520,244.91828530850572,225.73918530289956,0.008545209013391286,11.703000624023844,0.75,139.95330589057468
68,DOTS,2184,1851,1232,30.80261660653276,28.394989432824495,0.03690391601412557,12.925110916025005,0.75,17.601495203733005
68,SQUISH,2184,218,80,2199.790451184518,2027.5003091699277,0.0058340419782325625,9.960022582992679,0.75,1257.0231149625818
69,DP,3160,312,226,278.52475410074857,256.71437281080165,0.010229291016003117,14.685999376000836,0.75,159.1570023432849
69,DOTS,3160,1335,852,30.938962245957278,28.521140783168732,0.046401958010392264,19.859756666992325,0.75,17.679406997689874
69,SQUISH,3160,316,82,878.1616031841229,809.3780631931402,0.005963208008324727,14.37267595899175,0.75,501.80663039092735
70,DP,766,198,28,2317.66780608966,2136.144432987774,0.005327249993570149,6.5486697089800145,0.75,1324.3816034798058
70,DOTS,766,530,390,30.08112043850113,2317.7288847827276,0.023581290995934978,17.613608040992403,0.5,20.05408029233409
70,SQUISH,766,76,24,2821.914661289217,2600.8987261135244,0.0035669170028995723,6.453802750009345,0.75,1612.5226635938382
71,DP,2082,188,150,228.42309125052878,210.53321787348185,0.008263124997029081,9.109420416003559,0.75,130.52748071458788
71,DOTS,2082,1302,694,30.89340723663364,28.478327287274887,0.03618991599068977,11.095301958965138,0.75,17.65337556379065
71,SQUISH,2082,208,90,406.4004142379396,374.5734354913533,0.024448790994938463,9.524280498997541,0.75,232.22880813596547
72,DP,1688,511,400,276.41160564145434,254.7661486389708,0.00832358401385136,9.520773457974428,0.75,157.9494889379739
72,DOTS,1688,1519,1084,30.64242690431021,28.24734112655585,0.03236708298209123,11.378658042027382,0.75,17.509958231034407
72,SQUISH,1688,168,66,1982.4923049712363,1827.2194064269406,0.005687790981028229,8.50072691796231,0.75,1132.8527456978493
73,DP,1098,376,224,461.93410144151505,425.76137997632867,0.006681624974589795,8.499380207998911,0.75,263.96234368086573
73,DOTS,1098,972,730,23.231985793289805,21.41739470023021,0.02961087500443682,7.913161917007528,0.75,13.27542045330846
73,SQUISH,1098,109,44,2782.9222901018106,2564.9627940695927,0.005106583994347602,6.87583687499864,0.75,1590.241308629606
74,DP,1417,367,328,237.47377387368945,218.87991935274428,0.007025040977168828,9.85288695798954,0.75,135.69929935639396
74,DOTS,1417,937,728,28.100269101119952,194.022875430195,0.029126124980393797,9.730914041982032,0.75,16.0572966292114
74,SQUISH,1417,141,30,2595.927017356328,2392.610171894154,0.32910054200328887,8.292684082989581,0.75,1483.386867060759
75,DP,1714,333,204,374.8470503286808,345.4926552734635,0.008749458997044712,11.32009641698096,0.75,214.19831447353187
75,DOTS,1714,966,692,28.71154808931998,26.468129286004956,0.034321249986533076,11.328681375016458,0.75,16.406598908182847
75,SQUISH,1714,171,50,1580.7802607103652,1456.9726200948094,0.005457791005028412,8.308290834043873,0.75,903.3030061202087
76,DP,998,367,250,387.1971017237376,356.87726155391096,0.006295166997006163,8.11758495902177,0.75,221.25548669927863
76,DOTS,998,663,576,16.447508154576113,15.164605725920095,0.026687374978791922,7.589492708008038,0.75,9.398576088329207
76,SQUISH,998,99,28,3082.1201493585368,2840.7219983761206,0.004257416992913932,6.911530250014039,0.75,1761.211513919164
77,DP,1663,255,180,311.8122665946833,287.39416431303016,0.007267957989824936,9.390181624010438,0.75,178.17843805410476
77,DOTS,1663,777,578,31.32492328835994,28.876363288219846,0.03527987498091534,12.868987958994694,0.75,17.89995616477711
77,SQUISH,1663,166,14,2832.896398456312,2611.0169256663853,0.005552125017857179,9.713693582976703,0.75,1618.7979419750354
78,DP,985,5,6,3124.83517180156,2840.9076197412205,0.0048835420166142285,6.970914875972085,0.75,1785.62009817232
78,DOTS,985,143,86,27.85291311301387,25.674843884471404,0.02623458398738876,7.106388624000829,0.75,15.91595035029364
78,SQUISH,985,98,44,51.694709292389206,47.64390798985528,0.004198999988147989,6.607065000018338,0.75,29.53983388136526
79,DP,1766,196,150,303.30251116665835,279.5512978460819,0.006015916995238513,9.347135165997315,0.75,173.31572066666192
79,DOTS,1766,677,516,20.013267226983913,18.45115816195171,0.03927929201745428,10.329864583007293,0.75,11.436152701133665
79,SQUISH,1766,176,62,1049.614420814094,967.4091678978056,0.004453708999790251,9.715107833995717,0.75,599.7796690366251
80,DP,1193,225,126,308.16083245380156,284.02823717852755,0.005802333995234221,7.805521000002045,0.75,176.09190425931519
80,DOTS,1193,956,574,31.305778326291602,28.859243734445023,0.027821916999528185,8.135912666970398,0.75,17.889016186452345
80,SQUISH,1193,119,28,1310.6884647563788,1208.0341511781055,0.004353791999164969,7.109892333013704,0.75,748.964837003645
81,DP,1795,315,308,199.53895315258907,183.91555323564515,0.008225875004427508,11.597049500007415,0.75,114.02225894433661
81,DOTS,1795,730,558,22.980174555601916,21.185062142581568,0.03853916600928642,11.775660917017376,0.75,13.13152831748681
81,SQUISH,1795,179,62,1791.5384184549066,1651.224370845173,0.0052528340020217,8.121406125021167,0.75,1023.7362391170894
82,DP,662,97,72,232.7587325358867,214.5305290993663,0.008842375013045967,8.86702883199905,0.75,133.00499002050668
82,DOTS,662,462,294,26.655795806604935,24.573405088277923,0.022007916995789856,6.420884792023571,0.75,15.231883318059962
82,SQUISH,662,66,22,666.5878541207811,614.3775637118673,0.004476459027500823,6.30837120799697,0.75,380.90734521187494
83,DP,973,400,232,441.8699680772305,407.26799566995845,0.006196207978064194,8.478623542003334,0.75,252.4971246155603
83,DOTS,973,827,680,25.70412324856167,23.696271097060574,0.025712207978358492,8.114866082993103,0.75,14.688070427749526
83,SQUISH,973,97,28,2595.489176320429,2392.20913434468,0.004044542001793161,6.7353752909984905,0.75,1483.1366721831023
84,DP,2643,412,236,358.36058584350155,330.2959975315494,0.010251458006678149,12.208673582994379,0.75,204.77747762485802
84,DOTS,2643,1634,1052,28.693561954056023,26.451792112663274,0.04065350000746548,14.941064416983863,0.75,16.396321116603442
84,SQUISH,2643,264,66,1577.2212917291943,1453.6915483997398,0.005348958016838878,11.961071375000756,0.75,901.2693095595396
85,DP,1657,554,410,328.82732866597144,303.07977496808644,0.008836041990434751,11.432635209028376,0.75,187.9013306662694
85,DOTS,1657,1445,1062,28.23957948913925,26.032684808542303,0.05862637498648837,10.107955917017534,0.75,16.136902565222428
85,SQUISH,1657,165,68,2233.1716624091328,2058.2691899594074,0.005225208995398134,9.503311292006401,0.75,1276.0980928052188
86,DP,1054,319,254,262.07592991811515,241.5545577071813,0.0069311250117607415,7.571212626004126,0.75,149.75767423892293
86,DOTS,1054,843,622,29.536354297829774,27.22836558296338,0.02693237501080148,7.469131126010325,0.75,16.877916741617014
86,SQUISH,1054,105,38,2211.5057691440143,2038.2960782249143,0.004895666992524639,6.927448166999966,0.75,1263.7175823680082
87,DP,1265,435,342,273.82234455668106,252.38108323597274,0.007769415999064222,8.149703416973352,0.75,156.46991117524632
87,DOTS,1265,1167,826,26.710416303734473,24.623270029463786,0.028072541987057775,7.598026583989849,0.75,15.263095030705413
87,SQUISH,1265,126,44,2657.113523881684,2449.0065509510423,0.00410945899784565,8.011725249001756,0.75,1518.350585075248
88,DP,1274,414,232,478.2174491960017,440.7661136810223,0.007219582999823615,9.183364875003463,0.75,273.2671138262867
88,DOTS,1274,1073,792,31.32479243361994,28.876560603891104,0.027893749997019768,8.498744500015164,0.75,17.899881390639965
88,SQUISH,1274,127,40,2910.4437667104926,2682.49518633326,0.004615957994246855,7.47538966598222,0.75,1663.1107238345671
89,DP,1585,552,536,201.65763503486932,185.86794101944443,0.007964542019180954,11.33086745798937,0.75,115.2329343056396
89,DOTS,1585,1385,1004,23.69932317964926,21.847770117258086,0.03137179100303911,11.578257375018438,0.75,13.542470388371004
89,SQUISH,1585,158,58,3555.6321324086225,3277.1459855708636,0.004537540982710198,8.630762249988038,0.75,2031.7897899477844
90,DP,1254,407,262,405.34960616235196,373.60998841500253,0.00722837500507012,9.521328792034183,0.75,231.62834637848684
90,DOTS,1254,1113,844,24.853515204928982,23.094616784762774,0.028537791018607095,9.844293500005733,0.75,14.202008688530848
90,SQUISH,1254,125,44,2343.6339943532207,2152.2336903464097,0.00463170898729004,7.159938792028697,0.75,1339.2194253446976
91,DP,1770,8,12,146.7901459223105,135.29000487310608,0.006202125019626692,8.056333333981456,0.75,83.88008338417742
91,DOTS,1770,201,94,25.346254768447096,23.365596228634086,0.0348506250011269,9.055127625993919,0.75,14.48357415339834
91,SQUISH,1770,177,70,36.55433032762479,33.69587810181309,0.0051691249827854335,9.97668037499534,0.75,20.888188758642737
92,DP,754,242,190,280.27203376612937,258.3254029925391,0.005707999982405454,6.096965708013158,0.75,160.15544786635965
92,DOTS,754,469,402,28.629790887706115,26.392387502505517,0.026065832993481308,5.864103623986011,0.75,16.359880507260637
92,SQUISH,754,75,20,2257.8797933700603,2081.0383500508665,0.0040282080008182675,5.6160621250164695,0.75,1290.2170247828915
93,DP,1680,174,116,312.79024460758706,288.2967173690355,0.007080041978042573,9.216761542018503,0.75,178.7372826329069
93,DOTS,1680,761,518,30.518554198587207,28.133014203393078,0.033213957998668775,15.453845750016626,0.75,17.43917382776412
93,SQUISH,1680,168,66,493.42429878390743,454.7770967502201,0.004321499989600852,8.603521626006113,0.75,281.95674216223284
94,DP,1629,209,204,198.50606578855238,182.96275331036864,0.006810291990404949,11.566473332990427,0.75,113.4320375934585
94,DOTS,1629,521,402,23.18280077278993,21.37180835318969,0.04130133299622685,9.656536208000034,0.75,13.247314727308531
94,SQUISH,1629,162,64,954.7405674867658,879.9667376217593,0.004876541992416605,8.0617640420096,0.75,545.5660385638662
95,DP,838,239,128,542.8126736121548,500.30085519371585,0.005462000000989065,6.452431084006093,0.75,310.178670635517
95,DOTS,838,489,396,23.575621289989847,21.734403758472283,0.025679082988062873,6.779831958003342,0.75,13.471783594279913
95,SQUISH,838,83,12,2454.4051622807515,2236.6693837839116,0.004298124986235052,7.45868783298647,0.5,1636.2701081871676
96,DP,1002,20,16,193.25450590610993,178.12120424743534,0.005217583006015047,7.599813540989999,0.75,110.43114623206282
96,DOTS,1002,375,238,25.543358488255695,23.546388927064523,0.024475916987285018,6.740326959028607,0.75,14.596204850431826
96,SQUISH,1002,100,28,158.9245676467902,146.48018987984486,0.004202832991722971,7.3824018749874085,0.75,90.81403865530868
97,DP,904,221,190,243.19923326349496,224.15861702492631,0.005803540989290923,7.286980958015192,0.75,138.97099043628285
97,DOTS,904,487,376,29.444872214757165,27.143962495382414,0.02478291600709781,7.9996713750006165,0.75,16.825641265575523
97,SQUISH,904,90,24,2094.9542764641137,1930.8750167308478,0.004810582991922274,6.083255125005962,0.75,1197.1167294080649
98,DP,1836,277,146,477.30551201014674,439.92597128814737,0.009338333999039605,9.551678334013559,0.75,272.746006862941
98,DOTS,1836,936,670,28.250474535317682,26.042411786833693,0.0325069579994306,12.795159166009398,0.75,16.143128305895818
98,SQUISH,1836,183,82,863.8729808767313,796.2158034160753,0.005387959012296051,9.460477417014772,0.75,493.64170335813213
99,DP,865,8,8,467.28515549191445,418.77538935238107,0.004606917005730793,10.470982833969174,0.5,311.52343699460965
99,DOTS,865,185,96,30.71834133971862,28.317032461812918,0.023701040976447985,6.596403542003827,0.75,17.55333790841064
99,SQUISH,865,86,32,105.19264863669737,96.95591737421327,0.003189666022080928,6.662116999010323,0.75,60.11008493525564
100,DP,1323,348,320,219.0502793751617,201.898515427358,0.006387375004123896,7.78882254101336,0.75,125.1715882143781
100,DOTS,1323,1181,840,22.70493692518221,20.931422935858908,0.027553000021725893,7.745287540979916,0.75,12.974249671532691
100,SQUISH,1323,132,38,1900.6937477099852,1737.2883918935559,0.004574250022415072,7.377121292025549,0.75,1086.1107129771344
101,DP,9,4,18,0.0,0.005678084622723261,0.002705416001845151,3.7657801659661345,0.25,0.0
101,DOTS,9,7,18,0.0,0.005678084622723261,0.015082249999977648,3.7041937920148484,0.25,0.0
101,SQUISH,9,1,-1,,-1,0.0024050420033745468,-1,-1,-1
102,DP,987,196,106,433.35308065516625,399.41351417286546,0.005129999975906685,6.655112334003206,0.75,247.63033180295216
102,DOTS,987,750,474,25.201841527759637,23.232676060855166,0.02349133399548009,8.239641540974844,0.75,14.401052301576936
102,SQUISH,987,98,36,1310.374272624106,1191.8424251545007,0.0031864159973338246,6.558271041983971,0.75,748.7852986423462
103,DP,892,208,206,197.49208953875575,182.02850955321415,0.004273457976523787,7.523571750003612,0.75,112.85262259357471
103,DOTS,892,560,400,27.301929482678656,25.168987611438276,0.02332370899966918,7.810215750010684,0.75,15.601102561530661
103,SQUISH,892,89,22,3751.5315294671254,3457.705251158795,0.004544625000562519,6.04174224997405,0.75,2143.732302552643
104,DP,1032,322,146,703.0726788401232,648.0090716189047,0.006468457984738052,6.357364499010146,0.75,401.7558164800704
104,DOTS,1032,769,592,16.849735123469763,15.53496056531013,0.02522983300150372,7.042844458017498,0.75,9.628420070554151
104,SQUISH,1032,103,22,4156.238466772627,3830.7128915168746,0.004396333999466151,6.961602791998303,0.75,2374.9934095843587
105,DP,801,190,106,521.6613978665758,480.8130475887462,0.005956916982540861,6.303202207986033,0.75,298.0922273523291
105,DOTS,801,396,332,17.141080876164594,15.803148640296186,0.022837708005681634,8.360588873998495,0.75,9.794903357808339
105,SQUISH,801,80,22,2042.3611270252372,1882.3845186337912,0.003180415980750695,6.0891625409713015,0.75,1167.0635011572783
106,DP,858,454,414,238.43397093160013,219.76368461940828,0.005616125010419637,8.49635416601086,0.75,136.2479833894858
106,DOTS,858,823,720,23.155305259473277,21.34692941564449,0.023127416003262624,6.036976333009079,0.75,13.231603005413302
106,SQUISH,858,85,28,4348.699174480328,4008.098951768091,0.0036133750109001994,5.951077749981778,0.75,2484.9709568459016
107,DP,1258,261,162,401.6912438404271,370.23403002474254,0.006842332979431376,6.941697542031761,0.75,229.5378536231012
107,DOTS,1258,970,628,25.841241228367213,23.822328034971125,0.02862208301667124,8.342378832981922,0.75,14.766423559066979
107,SQUISH,1258,125,44,1834.333276554214,1690.6828898901397,0.0049338329990860075,7.7902759589778725,0.75,1048.1904437452652
108,DP,945,346,234,404.6115220129499,372.92490427148743,0.006150125002022833,7.5426418330171145,0.75,231.20658400739993
108,DOTS,945,796,576,28.1737302915252,25.972067254013247,0.02264575002482161,8.360447249986464,0.75,16.099274452300115
108,SQUISH,945,94,40,3402.7757592836083,3120.306843332657,0.0041657499969005585,6.966456583002582,0.75,1944.4432910192047
109,DP,633,229,166,352.28987395770406,324.70239491620447,0.003815417003352195,5.930240624991711,0.75,201.3084994044023
109,DOTS,633,497,368,30.093815371532383,27.74125765712682,0.02113320800708607,7.825902125012362,0.75,17.196465926589934
109,SQUISH,633,63,28,2834.1864311129716,2611.247405808048,0.005969916994217783,5.484170373994857,0.75,1619.5351034931266
110,DP,778,255,246,229.8461269548338,211.84834066568877,0.005717624997487292,5.8487279169785324,0.75,131.34064397419075
110,DOTS,778,557,420,29.352596671484637,27.05892321973596,0.023836541979108006,6.041078250011196,0.75,16.772912383705506
110,SQUISH,778,77,26,3524.227856749054,3248.2054877268583,0.004492417006986216,6.368605791009031,0.75,2013.8444895708878
111,DP,136,59,56,226.64207920893205,208.89291376589838,0.0034594169992487878,4.184478375012986,0.75,129.50975954796118
111,DOTS,136,118,104,4.2986514610938515,3.9661529988094584,0.017570291995070875,4.093581293011084,0.75,2.456372263482201
111,SQUISH,136,13,6,5178.165076360385,4772.599385038644,0.0037427919742185622,4.189041333011119,0.75,2958.9514722059344
112,DP,353,120,112,194.2509258144647,179.0416490320374,0.0036349580041132867,4.605850624997402,0.75,111.00052903683697
112,DOTS,353,317,230,28.15254867454242,25.95241618658328,0.019302917004097253,4.71004379200167,0.75,16.087170671167097
112,SQUISH,353,35,14,2960.816832957548,2728.922491796273,0.0035920000227633864,5.589466207980877,0.75,1691.8953331185987
113,DP,1883,382,234,348.9729537216586,321.6448152389331,0.0071052080020308495,9.784399291005684,0.75,199.41311641237635
113,DOTS,1883,1449,992,30.990620385228176,28.568672020667282,0.03574999998090789,9.895748832990648,0.75,17.7089259344161
113,SQUISH,1883,188,46,1616.4434086933566,1489.8441347689572,0.005081374984001741,9.203945749992272,0.75,923.6819478247752
114,DP,326,268,266,182.45236771090995,168.167449649628,0.004372541996417567,4.8601156680088025,0.75,104.25849583480569
114,DOTS,326,325,652,0.0,0.006895848036409763,0.018627375015057623,4.824424874997931,0.25,0.0
114,SQUISH,326,32,12,7427.000379054314,6845.299895981367,0.0036693329748231918,4.2657728329941165,0.75,4244.000216602465
115,DP,1197,287,108,640.3266101188518,590.178692982982,0.006128625012934208,6.822541456960607,0.75,365.9009200679153
115,DOTS,1197,960,678,25.274535541816988,23.30034504400711,0.027409834001446143,7.985597666993272,0.75,14.442591738181136
115,SQUISH,1197,119,26,2078.11551884927,1915.3557598066334,0.004685332998633385,6.601078667008551,0.75,1187.4945821995827
116,DP,1614,374,264,319.16962344025785,294.1787181825554,0.007826959015801549,9.215815292001935,0.75,182.38264196586164
116,DOTS,1614,1296,898,29.875119181665426,27.54014054518722,0.03213495798991062,10.385067416995298,0.75,17.071496675237388
116,SQUISH,1614,161,34,2067.658915185724,1905.719254277928,0.005127666983753443,7.910731708980165,0.75,1181.519380106128
117,DP,666,161,98,416.2476387923809,383.652251889309,0.004897415987215936,6.012633750011446,0.75,237.85579359564622
117,DOTS,666,595,400,30.48869920222585,28.10574524397903,0.055593458004295826,5.775088541995501,0.75,17.422113829843344
117,SQUISH,666,66,12,2311.5257088504673,2130.4811142293515,0.004348707996541634,5.52951220900286,0.75,1320.8718336288384
118,DP,2554,462,298,367.197930678756,338.44300385888806,0.008951582974987105,11.36310004198458,0.75,209.82738895928915
118,DOTS,2554,1718,1098,30.436472563432876,28.057750755449327,0.04134412499843165,12.325832582981093,0.75,17.392270036247357
118,SQUISH,2554,255,78,1432.0588508188468,1319.8977788227605,0.005553833005251363,11.527019250002922,0.75,818.3193433250553
119,DP,2,2,4,0.0,0.00027801540002792035,0.0029734160052612424,3.735933208023198,0.25,0.0
119,DOTS,2,2,4,0.0,0.00027801540002792035,0.01668241701554507,3.7265740409784485,0.25,0.0
119,SQUISH,2,1,-1,,-1,0.0036739580100402236,-1,-1,-1
120,DP,1188,23,16,562.6461405124768,518.5798066365503,0.005194000026676804,6.947620166989509,0.75,321.5120802928439
120,DOTS,1188,107,64,16.82483073602338,15.511885615887978,0.027230749983573332,8.02056937495945,0.75,9.614188992013359
120,SQUISH,1188,118,72,12.22147471919642,11.268599851417907,0.004783167009009048,8.082711791008478,0.75,6.983699839540812
121,DP,1588,238,170,316.77616561890386,291.9710240519791,0.006898041989188641,9.009049499989487,0.75,181.01495178223078
121,DOTS,1588,713,544,29.789325669520633,27.46132215096607,0.03594329100451432,9.061058624996804,0.75,17.02247181115465
121,SQUISH,1588,158,50,1228.7084096114595,1132.4718421839646,0.005344124976545572,7.947283458983293,0.75,702.1190912065483
122,DP,1498,3,6,242.5101204385047,220.4753619121903,0.006426999985706061,8.33883333299309,0.75,138.57721167914556
122,DOTS,1498,356,198,30.349194086226742,27.97681713169565,0.03110108300461434,8.485500458016759,0.75,17.342396620700995
122,SQUISH,1498,149,36,122.14443721386176,111.42181773643213,0.005151500023202971,9.297351665969472,0.75,69.79682126506387
123,DP,1794,82,78,191.7873393071557,176.77075815285457,0.007006333005847409,7.319475124968449,0.75,109.59276531837467
123,DOTS,1794,407,270,31.015070222151756,28.590724542642533,0.032790625002235174,7.427011541003594,0.75,17.722897269801003
123,SQUISH,1794,179,94,165.17021596939662,152.23520273586593,0.005125249997945502,7.972516958980123,0.75,94.38298055394093
124,DP,2040,6,6,254.0030610434513,232.3261578415536,0.007042875018669292,10.98303058304009,0.75,145.1446063105436
124,DOTS,2040,217,144,19.49877306596933,17.973490444605957,0.03872362500987947,8.85144616602338,0.75,11.142156037696761
124,SQUISH,2040,204,56,46.59261119478602,42.943781688432075,0.004276292020222172,8.629763957986142,0.75,26.62434925416344
125,DP,875,314,302,208.35812671536777,192.04491859649335,0.005619125004159287,6.152833667001687,0.75,119.06178669449586
125,DOTS,875,585,488,30.740988756727184,28.33860154006633,0.02570758300134912,7.464975374983624,0.75,17.56627928955839
125,SQUISH,875,87,20,5663.0077555923435,5153.839816090565,0.004648000001907349,6.5825320839940105,0.75,3236.0044317670536
126,DP,819,208,198,199.62952972930276,183.99978177323965,0.005362083000363782,7.130506417975994,0.75,114.074016988173
126,DOTS,819,321,272,19.83905260159634,18.29080908912327,0.0258789999934379,7.3661350419861265,0.75,11.33660148662648
126,SQUISH,819,81,24,3516.8849324684875,3241.435546119446,0.004026540991617367,5.92080191601417,0.75,2009.6485328391357
127,DP,656,28,18,340.4255404406228,313.7676032404254,0.004519374982919544,6.237396458018338,0.75,194.52888025178444
127,DOTS,656,209,120,21.473049644874312,19.7932070596061,0.022188875009305775,5.721680875023594,0.75,12.27031408278532
127,SQUISH,656,65,36,131.59874326769003,121.2909999934808,0.0043405829928815365,5.54719500002102,0.75,75.19928186725144
128,DP,1074,256,192,310.77322915332536,286.43742398609896,0.005736542021622881,6.569273166998755,0.75,177.58470237332878
128,DOTS,1074,978,642,29.710464225807357,27.388146791438796,0.025910541007760912,7.108558250009082,0.75,16.977408129032774
128,SQUISH,1074,107,50,1398.2218614632536,1288.7145845614402,0.00452570800553076,6.355468124995241,0.75,798.9839208361449
129,DP,851,145,130,224.55988892133354,206.9757965355235,0.00528870799462311,6.730510249995859,0.75,128.3199365264763
129,DOTS,851,635,404,30.343957981976025,27.97250114368895,0.023582666006404907,7.050951376004377,0.75,17.339404561129157
129,SQUISH,851,85,42,881.2494782012261,801.1766575850917,0.004474417015444487,6.285369000019273,0.75,503.5711304007006
130,DP,895,215,168,298.1298065755473,274.7823158256288,0.005671165999956429,7.000350874994183,0.75,170.35988947174133
130,DOTS,895,755,514,30.14104887840453,27.785223463072295,0.025207042024703696,6.415248166013043,0.75,17.223456501945446
130,SQUISH,895,89,34,1841.115200224954,1694.370178269577,0.0032443749951198697,6.202975708001759,0.75,1052.0658286999737
131,DP,5720,3,-1,124.0757683277921,-1,0.012845458986703306,-1,-1,-1
131,DOTS,5720,118,-1,15.24396516817025,-1,0.18900204199599102,-1,-1,-1
131,SQUISH,5720,572,-1,2.9073963437853583,-1,0.009620291006285697,-1,-1,-1
132,DP,3751,265,262,210.98491363102036,194.4627885552307,0.01075291700544767,14.37882579100551,0.75,120.56280778915449
132,DOTS,3751,1755,798,29.04642190084358,26.776165643130422,0.0545681249932386,15.743170750007266,0.75,16.59795537191062
132,SQUISH,3751,375,128,547.5963172989289,504.70822581637697,0.006842541013611481,14.92864174998249,0.75,312.9121813136736
133,DP,1550,212,220,199.26584397673713,183.66204534156458,0.006989832996623591,8.978489333007019,0.75,113.8661965581355
133,DOTS,1550,434,344,23.345743653131606,21.52263277274324,0.03310504200635478,9.906130499002757,0.75,13.340424944646632
133,SQUISH,1550,155,72,1133.2123405179264,1044.4595373447016,0.00475095899309963,7.333004874992184,0.75,647.5499088673865
134,DP,867,103,36,1144.0376094474216,1054.4367542065502,0.007246916997246444,5.661850541975582,0.75,653.735776827098
134,DOTS,867,209,168,19.972327023123338,18.41268308026628,0.02537479199236259,37.25891820900142,0.75,11.412758298927622
134,SQUISH,867,86,48,881.1511190657867,812.1469107712621,0.006083875021431595,9.760273374966346,0.75,503.51492518044955
135,DP,604,39,28,289.38878182155213,266.7246033202285,0.00529187498614192,5.9486888740211725,0.75,165.36501818374407
135,DOTS,604,223,114,20.939951782731953,19.303824155170748,0.02734904197859578,8.666330208012369,0.75,11.965686732989687
135,SQUISH,604,60,24,318.52074956382563,293.5778262615803,0.0043612910085357726,6.584127292007906,0.75,182.01185689361463
136,DP,2492,5,6,293.67338247256407,270.6751131395494,0.007541458995547146,13.22707437601639,0.75,167.81336141289376
136,DOTS,2492,80,26,25.216462251756177,23.246156774814896,0.07625241699861363,24.996900290978374,0.75,14.40940700100353
136,SQUISH,2492,249,88,3.023971635523728,2.791695722514194,0.04000199999427423,20.583689791994402,0.75,1.7279837917278444
137,DP,291,169,168,204.91755072240963,188.87358616173623,0.006828708021203056,7.131115167983808,0.75,117.09574326994836
137,DOTS,291,266,236,12.356129585139602,11.39306347287066,0.02391150000039488,6.239687416004017,0.75,7.0606454772226295
137,SQUISH,291,29,10,7272.901351051589,6703.270866760854,0.0034417920105624944,6.003033499990124,0.75,4155.943629172337
138,DP,392,157,170,184.52029919358836,170.07362052813346,0.0038508750149048865,8.713258333998965,0.75,105.44017096776477
138,DOTS,392,344,274,30.25121152364567,27.8865878426899,0.025223542004823685,6.7875242909940425,0.75,17.286406584940384
138,SQUISH,392,39,6,4511.483885637401,4111.752581277295,0.0035152089840266854,7.307406124979025,0.75,2577.9907917928003
139,DP,583,285,250,251.0611013440941,231.40167825189948,0.004201333998935297,5.710703166027088,0.75,143.4634864823395
139,DOTS,583,529,460,30.829695298761663,28.419876657268848,0.020245208987034857,7.216208417987218,0.75,17.61696874214952
139,SQUISH,583,58,12,4094.1030593244095,3719.9891612594506,0.004123374994378537,9.092977541993605,0.5,2729.4020395496063
140,DP,360,74,70,195.69250687877673,180.34036536833182,0.004242416995111853,6.292909417010378,0.75,111.82428964501527
140,DOTS,360,308,234,27.360575685620443,25.22289721713848,0.22183512500487268,7.2279892079823185,0.75,15.634614677497396
140,SQUISH,360,36,20,702.3140719725202,647.3118075045205,0.004020416003186256,8.381668916990748,0.75,401.3223268414401
141,DP,1997,106,50,392.5727850966725,361.829024164298,0.009667125006671995,9.409519999986514,0.75,224.32730576952713
141,DOTS,1997,784,400,28.50710280683149,26.279300885795777,0.036112708010477945,9.760470874985913,0.75,16.289773032475136
141,SQUISH,1997,199,54,348.9560177715478,321.6289715104946,0.004789750004420057,13.503770958981477,0.75,199.40343872659875
142,DP,2298,128,86,315.8451927163598,291.110913107358,0.012030207988573238,9.531082791974768,0.75,180.48296726649133
142,DOTS,2298,978,474,30.403613855864965,28.02708917083513,0.04166570899542421,9.19542224999168,0.75,17.373493631922837
142,SQUISH,2298,229,86,319.2461638793779,294.24353581046,0.005309125001076609,11.369488124997588,0.75,182.4263793596445
143,DP,991,368,220,514.5193335647452,474.22931893196267,0.018821332982042804,7.492430042009801,0.75,294.011047751283
143,DOTS,991,655,584,11.586600868838774,10.684050772992165,0.02724862500326708,6.705798457987839,0.75,6.620914782193585
143,SQUISH,991,99,28,3635.5285443174894,3350.817657117886,0.0033723340020515025,8.761807000002591,0.75,2077.4448824671367
144,DP,496,131,114,276.7457324161039,255.07376641993335,0.005308749998221174,6.249041542003397,0.75,158.14041852348797
144,DOTS,496,343,250,22.81898964926192,21.036119981693712,0.02434987499145791,6.063815041969065,0.75,13.039422656721097
144,SQUISH,496,49,22,2026.8219301793256,1858.8041714045569,0.0032011249859351665,6.566955707996385,0.75,1158.1839601024717
145,DP,1028,251,200,289.3015995619962,266.6469573006933,0.0061811670020688325,7.062754709011642,0.75,165.31519974971212
145,DOTS,1028,773,546,22.629382723006334,20.86237115413941,0.028345708997221664,6.292083958018338,0.75,12.931075841717904
145,SQUISH,1028,102,54,1692.5947120457174,1560.0311268909957,0.004262708011083305,6.406240082986187,0.75,967.1969783118385
