dataset,epsilon,delta,bound,algorithm,control,points,frechet,mean_core_ms,sample_std_ms,speedup_vs_sots
11,299.0,1.0,300.0,dots,180000.0,27,269.6289340807464,0.04246,0.0034935496116255283,6.772256241168158
11,299.0,1.0,300.0,sots,,20,299.0,0.28755,0.03484496615964301,1.0
11,299.0,1.0,300.0,dp,150.0,26,75.75956531744565,0.00698,0.0006511528238439883,41.19627507163323
11,299.0,1.0,300.0,squish,0.3025,30,269.6289340807464,0.0048000000000000004,0.0016179548132682128,59.906249999999986
11,30.0,9.67741935483871,300.0,sots,,20,290.3225806451616,0.26931,0.018832268406470138,1.0
11,30.0,9.67741935483871,300.0,dp,150.0,26,75.75956531744565,0.00893,0.005781589554592904,30.157894736842103
11,30.0,9.67741935483871,300.0,dots,180000.0,27,269.6289340807464,0.04833,0.017911203818342925,5.572315332091868
11,30.0,9.67741935483871,300.0,squish,0.3025,30,269.6289340807464,0.00454,0.0005168279318217147,59.319383259911895
11,5.0,50.0,300.0,dp,150.0,26,75.75956531744565,0.00758,0.0021012165788207343,37.44459102902375
11,5.0,50.0,300.0,dots,180000.0,27,269.6289340807464,0.05033,0.02395264077299203,5.639380091396782
11,5.0,50.0,300.0,squish,0.3025,30,269.6289340807464,0.00666,0.006703597707367457,42.61711711711712
11,5.0,50.0,300.0,sots,,22,250.00000000000026,0.28383,0.007981791778792527,1.0
11,0.5,200.0,300.0,dots,180000.0,27,269.6289340807464,0.13331,0.24788815331829708,18.458780286550144
11,0.5,200.0,300.0,sots,,20,300.00000000000017,2.46074,0.3404198917023896,1.0
11,0.5,200.0,300.0,squish,0.3025,30,269.6289340807464,0.00489,0.0016582788935787878,503.2188139059304
11,0.5,200.0,300.0,dp,150.0,26,75.75956531744565,0.00716,0.0004695151163109071,343.6787709497207
11,0.1,272.727272727273,300.0,sots,,20,299.5347632248477,26.927239999999998,2.4311105848973624,1.0
11,0.1,272.727272727273,300.0,dots,180000.0,27,269.6289340807464,0.0498,0.02063664486080795,540.7076305220884
11,0.1,272.727272727273,300.0,dp,150.0,26,75.75956531744565,0.009,0.006860191121406329,2991.9155555555553
11,0.1,272.727272727273,300.0,squish,0.3025,30,269.6289340807464,0.0045000000000000005,0.000648074069840786,5983.83111111111
11,299.0,3.33333333333333,1000.0,squish,0.1725,17,710.170390177171,0.00751,0.010536966672940873,18.60053262316911
11,299.0,3.33333333333333,1000.0,dots,2750000.0,14,841.8165239177072,0.07008,0.04725554170911833,1.993293378995434
11,299.0,3.33333333333333,1000.0,sots,,8,996.6666666666654,0.13969,0.06202405357780336,1.0
11,299.0,3.33333333333333,1000.0,dp,1000.0,11,841.8165239177072,0.00417,0.001706881496895565,33.49880095923262
11,30.0,32.258064516129,1000.0,dp,1000.0,11,841.8165239177072,0.00399,0.0014798273172532289,82.36591478696742
11,30.0,32.258064516129,1000.0,sots,,10,967.7419354838702,0.32864,0.11736567925363303,1.0
11,30.0,32.258064516129,1000.0,dots,2750000.0,14,841.8165239177072,0.05813,0.028728075698405787,5.653535179769482
11,30.0,32.258064516129,1000.0,squish,0.1725,17,710.170390177171,0.00327,0.0012490440789304077,100.50152905198777
11,5.0,166.666666666667,1000.0,dots,2750000.0,14,841.8165239177072,0.05345,0.022580141225815614,5.310383536014967
11,5.0,166.666666666667,1000.0,squish,0.1725,17,710.170390177171,0.00283,0.00013374935098492578,100.29681978798585
11,5.0,166.666666666667,1000.0,dp,1000.0,11,841.8165239177072,0.0038799999999999998,0.0012734903917100348,73.15463917525773
11,5.0,166.666666666667,1000.0,sots,,10,833.3333333333351,0.28384,0.035941254538173505,1.0
11,0.5,666.666666666667,1000.0,dp,1000.0,11,841.8165239177072,0.00371,0.0010938718186129283,178.07277628032344
11,0.5,666.666666666667,1000.0,sots,,8,1000.0000000000003,0.66065,0.027671616023162312,1.0
11,0.5,666.666666666667,1000.0,dots,2750000.0,14,841.8165239177072,0.04647,0.002798432100698929,14.216698945556272
11,0.5,666.666666666667,1000.0,squish,0.1725,17,710.170390177171,0.00277,0.00015670212364724207,238.50180505415162
11,0.1,909.090909090909,1000.0,dp,1000.0,11,841.8165239177072,0.00332,0.00037653389990514505,1777.7078313253012
11,0.1,909.090909090909,1000.0,squish,0.1725,17,710.170390177171,0.00287,0.00023118054512532936,2056.442508710801
11,0.1,909.090909090909,1000.0,dots,2750000.0,14,841.8165239177072,0.07894,0.07996857994098543,74.76551811502407
11,0.1,909.090909090909,1000.0,sots,,8,993.2339908274472,5.90199,0.3908666054067837,1.0
12,299.0,1.0,300.0,squish,0.4925,49,252.58363050163433,0.00499,0.00048407988321488165,40.71543086172345
12,299.0,1.0,300.0,dots,146250.0,45,252.58363050163433,0.06341,0.022116582516795453,3.2040687588708407
12,299.0,1.0,300.0,dp,300.0,28,274.2946101519264,0.00776,0.0006310485101972922,26.181701030927833
12,299.0,1.0,300.0,sots,,30,299.00000000000017,0.20317,0.0067797164804699285,1.0
12,30.0,9.67741935483871,300.0,sots,,30,290.3225806451612,0.20009,0.011732239532350355,1.0
12,30.0,9.67741935483871,300.0,dots,146250.0,45,252.58363050163433,0.07406,0.04819615475671615,2.7017283283823925
12,30.0,9.67741935483871,300.0,dp,300.0,28,274.2946101519264,0.00969,0.005430050132774507,20.64912280701754
12,30.0,9.67741935483871,300.0,squish,0.4925,49,252.58363050163433,0.00488,0.0004939635614091386,41.002049180327866
12,5.0,50.0,300.0,dots,146250.0,45,252.58363050163433,0.06418,0.024681473033656462,3.583203490183858
12,5.0,50.0,300.0,sots,,32,250.00000000000003,0.22997,0.09137191460059146,1.0
12,5.0,50.0,300.0,squish,0.4925,49,252.58363050163433,0.00499,0.000597122730730924,46.08617234468938
12,5.0,50.0,300.0,dp,300.0,28,274.2946101519264,0.00955,0.003094888258618287,24.08062827225131
12,0.5,200.0,300.0,dots,146250.0,45,252.58363050163433,0.06961,0.02653703701119123,24.53469329119379
12,0.5,200.0,300.0,dp,300.0,28,274.2946101519264,0.00769,0.0007340148348485729,222.08842652795838
12,0.5,200.0,300.0,squish,0.4925,49,252.58363050163433,0.00489,0.00034464152068167537,349.25562372188136
12,0.5,200.0,300.0,sots,,28,299.9999999999995,1.70786,0.14849465534714262,1.0
12,0.1,272.727272727273,300.0,dots,146250.0,45,252.58363050163433,0.06394,0.02327269262939341,271.6754770096966
12,0.1,272.727272727273,300.0,sots,,28,300.0000000000005,17.370929999999998,2.5746012347330387,1.0
12,0.1,272.727272727273,300.0,dp,300.0,28,274.2946101519264,0.00911,0.0028278181616850037,1906.7980241492862
12,0.1,272.727272727273,300.0,squish,0.4925,49,252.58363050163433,0.00472,0.00019888578520235075,3680.281779661016
12,299.0,3.33333333333333,1000.0,squish,0.2825,28,924.553549449775,0.0054800000000000005,0.0014979986648859206,43.03284671532846
12,299.0,3.33333333333333,1000.0,sots,,12,996.6666666666655,0.23582,0.07119671964977663,1.0
12,299.0,3.33333333333333,1000.0,dots,2000000.0,18,535.3317227029562,0.08223,0.038772299676730834,2.867809801775508
12,299.0,3.33333333333333,1000.0,dp,1000.0,14,983.3083178564538,0.00536,0.0019386134793254227,43.99626865671642
12,30.0,32.258064516129,1000.0,squish,0.2825,28,924.553549449775,0.00534,0.0015064306599818435,40.357677902621724
12,30.0,32.258064516129,1000.0,sots,,12,967.7419354838698,0.21551,0.050841899824630644,1.0
12,30.0,32.258064516129,1000.0,dots,2000000.0,18,535.3317227029562,0.06989,0.03262706613295845,3.083559879811132
12,30.0,32.258064516129,1000.0,dp,1000.0,14,983.3083178564538,0.00501,0.0008047774019358811,43.01596806387226
12,5.0,166.666666666667,1000.0,dp,1000.0,14,983.3083178564538,0.00464,0.0005358275012642699,48.41594827586207
12,5.0,166.666666666667,1000.0,sots,,16,833.3333333333351,0.22465000000000002,0.007674814510968832,1.0
12,5.0,166.666666666667,1000.0,squish,0.2825,28,924.553549449775,0.00483,0.0004667856991049416,46.51138716356108
12,5.0,166.666666666667,1000.0,dots,2000000.0,18,535.3317227029562,0.0566,0.004118791624304929,3.9690812720848063
12,0.5,666.666666666667,1000.0,dp,1000.0,14,983.3083178564538,0.00446,0.00020655911179772888,335.63452914798205
12,0.5,666.666666666667,1000.0,squish,0.2825,28,924.553549449775,0.0048,0.00019436506316150998,311.8604166666667
12,0.5,666.666666666667,1000.0,sots,,12,971.8253158075506,1.49693,0.11885951604964387,1.0
12,0.5,666.666666666667,1000.0,dots,2000000.0,18,535.3317227029562,0.05534,0.00505880969750351,27.04969280809541
12,0.1,909.090909090909,1000.0,sots,,12,999.9999999999997,12.09389,0.2337328410814364,1.0
12,0.1,909.090909090909,1000.0,dp,1000.0,14,983.3083178564538,0.00449,0.00027668674625929503,2693.5167037861916
12,0.1,909.090909090909,1000.0,squish,0.2825,28,924.553549449775,0.00471,0.0001449137674618942,2567.704883227176
12,0.1,909.090909090909,1000.0,dots,2000000.0,18,535.3317227029562,0.05478,0.005534497869424711,220.771997079226
13,299.0,1.0,300.0,sots,,12,299.00000000000017,0.22815,0.01988518432289616,1.0
13,299.0,1.0,300.0,squish,0.3325,33,257.54167416967357,0.0045,0.00019436506316150982,50.7
13,299.0,1.0,300.0,dp,300.0,16,280.2552431411777,0.0091,0.012942522508726377,25.07142857142857
13,299.0,1.0,300.0,dots,360000.0,16,284.4955465662287,0.05831,0.004002346533944527,3.9127079403189846
13,30.0,9.67741935483871,300.0,dots,360000.0,16,284.4955465662287,0.0606,0.004735210895221271,3.893234323432343
13,30.0,9.67741935483871,300.0,sots,,12,290.3225806451612,0.23593,0.08371734255484012,1.0
13,30.0,9.67741935483871,300.0,squish,0.3325,33,257.54167416967357,0.00534,0.0017056767962698367,44.1816479400749
13,30.0,9.67741935483871,300.0,dp,300.0,16,280.2552431411777,0.0051199999999999996,0.0003293090409394259,46.08007812500001
13,5.0,50.0,300.0,dots,360000.0,16,284.4955465662287,0.07169,0.027023218411827508,3.160133909889803
13,5.0,50.0,300.0,sots,,14,249.99999999999991,0.22655,0.014596213359787684,1.0
13,5.0,50.0,300.0,squish,0.3325,33,257.54167416967357,0.00447,0.00013374935098492584,50.682326621923934
13,5.0,50.0,300.0,dp,300.0,16,280.2552431411777,0.00502,0.00041041983924323695,45.12948207171315
13,0.5,200.0,300.0,squish,0.3325,33,257.54167416967357,0.00458,0.0005028805910838963,441.00655021834064
13,0.5,200.0,300.0,dp,300.0,16,280.2552431411777,0.00519,0.0005445691467165171,389.1734104046243
13,0.5,200.0,300.0,sots,,12,298.41860248622964,2.01981,0.3634916488418651,1.0
13,0.5,200.0,300.0,dots,360000.0,16,284.4955465662287,0.058,0.0040395269249972575,34.82431034482759
13,0.1,272.727272727273,300.0,dots,360000.0,16,284.4955465662287,0.06162,0.006395276034351884,236.91755923401493
13,0.1,272.727272727273,300.0,dp,300.0,16,280.2552431411777,0.00488,0.00025733678754158375,2991.569672131148
13,0.1,272.727272727273,300.0,sots,,10,298.3936382823564,14.59886,0.6675995076890535,1.0
13,0.1,272.727272727273,300.0,squish,0.3325,33,257.54167416967357,0.0044599999999999996,0.00013498971154211054,3273.2869955156953
13,299.0,3.33333333333333,1000.0,dp,1000.0,3,978.3043442057684,0.00134,0.00017763883459298975,286.54477611940297
13,299.0,3.33333333333333,1000.0,dots,12000000.0,4,947.6645615666757,0.14933,0.0805619023553386,2.57128507332753
13,299.0,3.33333333333333,1000.0,sots,,4,996.6666666666655,0.38397,0.0621121217369578,1.0
13,299.0,3.33333333333333,1000.0,squish,0.0725,7,783.8429139850797,0.00261,0.00030349812373573436,147.11494252873564
13,30.0,32.258064516129,1000.0,dots,12000000.0,4,947.6645615666757,0.09727,0.006134429249915774,3.989308111442377
13,30.0,32.258064516129,1000.0,squish,0.0725,7,783.8429139850797,0.00417,0.004693742879858485,93.05515587529976
13,30.0,32.258064516129,1000.0,sots,,4,967.7419354838698,0.38804,0.022336576878892307,1.0
13,30.0,32.258064516129,1000.0,dp,1000.0,3,978.3043442057684,0.00135,0.00032058973436118913,287.43703703703704
13,5.0,166.666666666667,1000.0,sots,,4,833.3333333333351,0.41406,0.15603186426709986,1.0
13,5.0,166.666666666667,1000.0,dots,12000000.0,4,947.6645615666757,0.11515,0.02831769176092336,3.595831524099001
13,5.0,166.666666666667,1000.0,squish,0.0725,7,783.8429139850797,0.00304,0.0011730302638892143,136.20394736842104
13,5.0,166.666666666667,1000.0,dp,1000.0,3,978.3043442057684,0.00136,0.0001349897115421106,304.45588235294116
13,0.5,666.666666666667,1000.0,dp,1000.0,3,978.3043442057684,0.00145,0.0005948856099191582,1185.0000000000002
13,0.5,666.666666666667,1000.0,dots,12000000.0,4,947.6645615666757,0.09569,0.003730787822669332,17.956421778660257
13,0.5,666.666666666667,1000.0,sots,,2,971.8253158075505,1.71825,0.12972919015309456,1.0
13,0.5,666.666666666667,1000.0,squish,0.0725,7,783.8429139850797,0.00257,0.00019465068427541917,668.579766536965
13,0.1,909.090909090909,1000.0,dp,1000.0,3,978.3043442057684,0.00131,0.0002558211180579986,12446.137404580153
13,0.1,909.090909090909,1000.0,sots,,2,990.1373141269074,16.30444,1.6085542336727932,1.0
13,0.1,909.090909090909,1000.0,squish,0.0725,7,783.8429139850797,0.00264,0.00023190036174568115,6175.924242424242
13,0.1,909.090909090909,1000.0,dots,12000000.0,4,947.6645615666757,0.09586,0.004426987940148721,170.0859586897559
14,299.0,1.0,300.0,sots,,20,299.0000000000008,0.19680999999999998,0.009799484113405608,1.0
14,299.0,1.0,300.0,dots,90000.0,35,20.654541698813865,0.04132,0.0029880502747518223,4.763068731848983
14,299.0,1.0,300.0,dp,300.0,19,271.62132986391,0.00581,0.0007622335600063801,33.87435456110155
14,299.0,1.0,300.0,squish,0.3325,33,21.212976585688768,0.00406,0.00018973665961010268,48.47536945812807
14,30.0,9.67741935483871,300.0,sots,,20,290.3225806451615,0.21445,0.016977779595695068,1.0
14,30.0,9.67741935483871,300.0,dp,300.0,19,271.62132986391,0.00575,0.0005522680508593631,37.29565217391304
14,30.0,9.67741935483871,300.0,dots,90000.0,35,20.654541698813865,0.04741,0.005974473477498524,4.523307319130985
14,30.0,9.67741935483871,300.0,squish,0.3325,33,21.212976585688768,0.00505,0.001666166591644158,42.46534653465347
14,5.0,50.0,300.0,dp,300.0,19,271.62132986391,0.00585,0.0005778311941119907,31.599999999999998
14,5.0,50.0,300.0,sots,,20,250.0000000000002,0.18486,0.005068464593280035,1.0
14,5.0,50.0,300.0,dots,90000.0,35,20.654541698813865,0.04409,0.004800798544686776,4.19278748015423
14,5.0,50.0,300.0,squish,0.3325,33,21.212976585688768,0.00438,0.00047328638264796936,42.20547945205479
14,0.5,200.0,300.0,sots,,18,299.6725217841518,1.99755,0.5233042757325799,1.0
14,0.5,200.0,300.0,dots,90000.0,35,20.654541698813865,0.06568,0.03609702357689774,30.41336784409257
14,0.5,200.0,300.0,dp,300.0,19,271.62132986391,0.00953,0.00524045163448088,209.60650577124866
14,0.5,200.0,300.0,squish,0.3325,33,21.212976585688768,0.00411,0.00011005049346146114,486.02189781021895
14,0.1,272.727272727273,300.0,squish,0.3325,33,21.212976585688768,0.00427,0.0004243949942107131,3471.639344262295
14,0.1,272.727272727273,300.0,dp,300.0,19,271.62132986391,0.0058,0.0006992058987801009,2555.844827586207
14,0.1,272.727272727273,300.0,dots,90000.0,35,20.654541698813865,0.041210000000000004,0.004916062109724272,359.71608832807567
14,0.1,272.727272727273,300.0,sots,,18,299.5347632248471,14.8239,0.32850781827327435,1.0
14,299.0,3.33333333333333,1000.0,dp,1000.0,12,656.8159669087541,0.00347,0.00030203016773531447,52.706051873198845
14,299.0,3.33333333333333,1000.0,sots,,12,996.6666666666658,0.18289,0.03904756216604452,1.0
14,299.0,3.33333333333333,1000.0,dots,2000000.0,20,677.6562779558243,0.04537,0.005040072750797685,4.031077804716773
14,299.0,3.33333333333333,1000.0,squish,0.1725,17,734.1210112072454,0.00337,0.0003622460796505909,54.2700296735905
14,30.0,32.258064516129,1000.0,dots,2000000.0,20,677.6562779558243,0.04607,0.0053114237471907876,3.740177990015194
14,30.0,32.258064516129,1000.0,sots,,12,967.7419354838703,0.17231,0.0252292797272446,1.0
14,30.0,32.258064516129,1000.0,squish,0.1725,17,734.1210112072454,0.00353,0.0013466419139639327,48.813031161473084
14,30.0,32.258064516129,1000.0,dp,1000.0,12,656.8159669087541,0.00359,0.0004067486256208427,47.99721448467967
14,5.0,166.666666666667,1000.0,squish,0.1725,17,734.1210112072454,0.00339,0.00123868209534704,69.92330383480827
14,5.0,166.666666666667,1000.0,dots,2000000.0,20,677.6562779558243,0.05948,0.026120864372289738,3.985205110961668
14,5.0,166.666666666667,1000.0,sots,,12,833.3333333333351,0.23704,0.01793557606794075,1.0
14,5.0,166.666666666667,1000.0,dp,1000.0,12,656.8159669087541,0.0035700000000000003,0.0004243949942107129,66.39775910364145
14,0.5,666.666666666667,1000.0,sots,,12,971.8253158075504,1.52848,0.363532663365114,1.0
14,0.5,666.666666666667,1000.0,squish,0.1725,17,734.1210112072454,0.0035700000000000003,0.001848753333705957,428.14565826330534
14,0.5,666.666666666667,1000.0,dp,1000.0,12,656.8159669087541,0.00446,0.0029488980992906488,342.70852017937216
14,0.5,666.666666666667,1000.0,dots,2000000.0,20,677.6562779558243,0.04546,0.004226950568803842,33.62252529696436
14,0.1,909.090909090909,1000.0,squish,0.1725,17,734.1210112072454,0.0031999999999999997,0.0003018461712712472,6152.731250000001
14,0.1,909.090909090909,1000.0,dots,2000000.0,20,677.6562779558243,0.04448,0.003960022446625497,442.642535971223
14,0.1,909.090909090909,1000.0,dp,1000.0,12,656.8159669087541,0.00377,0.0006290204024248074,5222.477453580902
14,0.1,909.090909090909,1000.0,sots,,12,1000.0000000000002,19.68874,0.9151421519207943,1.0
15,299.0,1.0,300.0,dots,900000.0,17,173.42126317649985,0.04824,0.004468706002114408,3.8022388059701493
15,299.0,1.0,300.0,sots,,12,299.00000000000017,0.18342,0.006555370995518779,1.0
15,299.0,1.0,300.0,squish,0.1925,19,186.44957470258214,0.00329,0.00034464152068167564,55.75075987841945
15,299.0,1.0,300.0,dp,300.0,12,174.60903591629622,0.00382,0.0005513619500836088,48.01570680628272
15,30.0,9.67741935483871,300.0,squish,0.1925,19,186.44957470258214,0.00335,0.0003807886552931955,57.61492537313432
15,30.0,9.67741935483871,300.0,sots,,12,290.32258064516117,0.19301,0.02496448366068172,1.0
15,30.0,9.67741935483871,300.0,dots,900000.0,17,173.42126317649985,0.05359,0.015960607757851828,3.6016047770106363
15,30.0,9.67741935483871,300.0,dp,300.0,12,174.60903591629622,0.00571,0.005337175699229363,33.80210157618214
15,5.0,50.0,300.0,dots,900000.0,17,173.42126317649985,0.0528,0.004684252578824311,8.262878787878789
15,5.0,50.0,300.0,dp,300.0,12,174.60903591629622,0.00386,0.00043512450325548584,113.02590673575129
15,5.0,50.0,300.0,squish,0.1925,19,186.44957470258214,0.0032500000000000003,0.00010801234497346433,134.23999999999998
15,5.0,50.0,300.0,sots,,12,249.99999999999991,0.43628,0.470821751597967,1.0
15,0.5,200.0,300.0,dp,300.0,12,174.60903591629622,0.00404,0.0012677188612271694,733.6336633663366
15,0.5,200.0,300.0,squish,0.1925,19,186.44957470258214,0.00382,0.0012734903917100348,775.8848167539267
15,0.5,200.0,300.0,dots,900000.0,17,173.42126317649985,0.10108,0.10757104938907432,29.322121092204195
15,0.5,200.0,300.0,sots,,12,299.3385482242022,2.96388,0.8654829426395415,1.0
15,0.1,272.727272727273,300.0,dp,300.0,12,174.60903591629622,0.00368,0.0002936362072739366,6415.739130434782
15,0.1,272.727272727273,300.0,squish,0.1925,19,186.44957470258214,0.00373,0.0013581441586059837,6329.73726541555
15,0.1,272.727272727273,300.0,sots,,12,299.5347632248473,23.60992,1.8883774462632086,1.0
15,0.1,272.727272727273,300.0,dots,900000.0,17,173.42126317649985,0.06381,0.02718898674095819,370.0034477354646
15,299.0,3.33333333333333,1000.0,sots,,6,992.2628312280905,0.2521,0.03428588954981659,1.0
15,299.0,3.33333333333333,1000.0,dots,1250000.0,14,610.3596012064255,0.05654,0.022901586553482855,4.458790237000353
15,299.0,3.33333333333333,1000.0,dp,625.0,8,568.1266449553666,0.00286,0.00030623157540948933,88.14685314685315
15,299.0,3.33333333333333,1000.0,squish,0.1325,13,543.6762741299912,0.00341,0.0002923088169119167,73.92961876832845
15,30.0,32.258064516129,1000.0,squish,0.1325,13,543.6762741299912,0.00342,0.00037947331922020557,67.03216374269006
15,30.0,32.258064516129,1000.0,dp,625.0,8,568.1266449553666,0.00276,0.00020110804171997806,83.06159420289856
15,30.0,32.258064516129,1000.0,sots,,6,936.7284557729873,0.22925,0.03261748849245687,1.0
15,30.0,32.258064516129,1000.0,dots,1250000.0,14,610.3596012064255,0.05586,0.011180061617798793,4.1040100250626566
15,5.0,166.666666666667,1000.0,dp,625.0,8,568.1266449553666,0.00283,0.00027507574714370336,81.46289752650176
15,5.0,166.666666666667,1000.0,squish,0.1325,13,543.6762741299912,0.00331,0.00036651512019742556,69.64954682779457
15,5.0,166.666666666667,1000.0,dots,1250000.0,14,610.3596012064255,0.0615,0.034958101906266144,3.7486178861788617
15,5.0,166.666666666667,1000.0,sots,,6,794.3368548655924,0.23054,0.05227749037587784,1.0
15,0.5,666.666666666667,1000.0,sots,,4,1000.0000000000003,2.22923,0.2690570862598988,1.0
15,0.5,666.666666666667,1000.0,squish,0.1325,13,543.6762741299912,0.00319,0.00018529256146249725,698.8181818181818
15,0.5,666.666666666667,1000.0,dots,1250000.0,14,610.3596012064255,0.04864,0.0021334374974569933,45.83120888157894
15,0.5,666.666666666667,1000.0,dp,625.0,8,568.1266449553666,0.00283,0.0007616502551113018,787.7137809187278
15,0.1,909.090909090909,1000.0,dp,625.0,8,568.1266449553666,0.00277,0.0002983286778035259,9386.411552346572
15,0.1,909.090909090909,1000.0,sots,,4,998.4492107494905,26.00036,22.897091952045887,1.0
15,0.1,909.090909090909,1000.0,dots,1250000.0,14,610.3596012064255,0.05392,0.008617527358690414,482.2025222551929
15,0.1,909.090909090909,1000.0,squish,0.1325,13,543.6762741299912,0.00316,0.0002716206504995116,8227.962025316456
16,299.0,1.0,300.0,squish,0.0725,7,278.46391941278836,0.0027,0.00031972210155418134,88.75555555555555
16,299.0,1.0,300.0,dp,262.5,9,256.9584447720187,0.00297,0.00041646661864361284,80.68686868686868
16,299.0,1.0,300.0,dots,1440000.0,10,240.0907979540718,0.05379,0.02896885108756185,4.455103179029559
16,299.0,1.0,300.0,sots,,6,299.0000000000001,0.23964,0.07858616219722712,1.0
16,30.0,9.67741935483871,300.0,dots,1440000.0,10,240.0907979540718,0.06674000000000001,0.029918303576387632,4.515732694036559
16,30.0,9.67741935483871,300.0,sots,,6,290.32258064516134,0.30138,0.09417402095175835,1.0
16,30.0,9.67741935483871,300.0,dp,262.5,9,256.9584447720187,0.00338,0.0011745448290957463,89.16568047337277
16,30.0,9.67741935483871,300.0,squish,0.0725,7,278.46391941278836,0.00309,0.001096914865530695,97.53398058252426
16,5.0,50.0,300.0,sots,,8,250.0000000000005,0.20849,0.04888104495155107,1.0
16,5.0,50.0,300.0,dots,1440000.0,10,240.0907979540718,0.05119,0.014609772224249237,4.0728657941004105
16,5.0,50.0,300.0,dp,262.5,9,256.9584447720187,0.00307,0.0003020301677353146,67.91205211726385
16,5.0,50.0,300.0,squish,0.0725,7,278.46391941278836,0.0027400000000000002,0.00037475918193480523,76.0912408759124
16,0.5,200.0,300.0,dots,1440000.0,10,240.0907979540718,0.06116,0.023671370424582047,29.953073904512753
16,0.5,200.0,300.0,sots,,4,293.44935418908915,1.8319299999999998,0.33644706385667533,1.0
16,0.5,200.0,300.0,dp,262.5,9,256.9584447720187,0.00324,0.0009582391258043173,565.4104938271605
16,0.5,200.0,300.0,squish,0.0725,7,278.46391941278836,0.00295,0.00043525216190668653,620.9932203389831
16,0.1,272.727272727273,300.0,squish,0.0725,7,278.46391941278836,0.00304,0.0010319345371140986,4305.720394736842
16,0.1,272.727272727273,300.0,dp,262.5,9,256.9584447720187,0.00296,0.0002988868236194652,4422.091216216216
16,0.1,272.727272727273,300.0,dots,1440000.0,10,240.0907979540718,0.04792,0.006210886499615906,273.15087646076796
16,0.1,272.727272727273,300.0,sots,,4,299.53476322484744,13.08939,1.8229739045185354,1.0
16,299.0,3.33333333333333,1000.0,sots,,4,996.6666666666654,0.35759,0.02663583425888265,1.0
16,299.0,3.33333333333333,1000.0,dp,375.0,5,313.90666209477905,0.00234,0.0007183313998427188,152.81623931623932
16,299.0,3.33333333333333,1000.0,dots,16000000.0,5,494.74497625235625,0.0341,0.004059830319388018,10.48651026392962
16,299.0,3.33333333333333,1000.0,squish,0.0425,4,370.28562541849305,0.00255,0.0009958246164193103,140.2313725490196
16,30.0,32.258064516129,1000.0,sots,,4,967.7419354838698,0.38746,0.08017725086054993,1.0
16,30.0,32.258064516129,1000.0,dots,16000000.0,5,494.74497625235625,0.0613,0.035083741090267,6.320717781402937
16,30.0,32.258064516129,1000.0,squish,0.0425,4,370.28562541849305,0.00246,0.0010002221975363497,157.50406504065043
16,30.0,32.258064516129,1000.0,dp,375.0,5,313.90666209477905,0.00412,0.005791910066827888,94.04368932038835
16,5.0,166.666666666667,1000.0,sots,,4,833.3333333333351,0.36169,0.18883798729186999,1.0
16,5.0,166.666666666667,1000.0,dp,375.0,5,313.90666209477905,0.00264,0.0009323804659758447,137.00378787878788
16,5.0,166.666666666667,1000.0,dots,16000000.0,5,494.74497625235625,0.03884,0.015508148395816527,9.312306900102987
16,5.0,166.666666666667,1000.0,squish,0.0425,4,370.28562541849305,0.00228,0.00014757295747452428,158.6359649122807
16,0.5,666.666666666667,1000.0,sots,,4,1000.000000000001,3.26478,0.502878443010281,1.0
16,0.5,666.666666666667,1000.0,dots,16000000.0,5,494.74497625235625,0.04115,0.01308597637846629,79.33851761846901
16,0.5,666.666666666667,1000.0,squish,0.0425,4,370.28562541849305,0.00245,0.0009675283515799996,1332.5632653061225
16,0.5,666.666666666667,1000.0,dp,375.0,5,313.90666209477905,0.0019,0.00012472191289246477,1718.3052631578948
16,0.1,909.090909090909,1000.0,squish,0.0425,4,370.28562541849305,0.00231,0.000438304815295373,11539.1341991342
16,0.1,909.090909090909,1000.0,sots,,4,999.9999999999994,26.6554,2.5842014967017484,1.0
16,0.1,909.090909090909,1000.0,dots,16000000.0,5,494.74497625235625,0.04331,0.016924239684218873,615.4560147771876
16,0.1,909.090909090909,1000.0,dp,375.0,5,313.90666209477905,0.00209,0.0005526702854726718,12753.77990430622
17,299.0,1.0,300.0,dp,300.0,25,292.85540236369275,0.00764,0.0022716611640921374,32.25392670157068
17,299.0,1.0,300.0,dots,118125.0,45,206.60336402046235,0.07885,0.048331270070904056,3.125174381737476
17,299.0,1.0,300.0,squish,0.4625,46,206.60336402046235,0.00551,0.001568049035514444,44.722323049001815
17,299.0,1.0,300.0,sots,,24,299.00000000000034,0.24642,0.10832736188670586,1.0
17,30.0,9.67741935483871,300.0,squish,0.4625,46,206.60336402046235,0.00539,0.0017540112757777687,53.747680890538035
17,30.0,9.67741935483871,300.0,sots,,24,290.3225806451618,0.2897,0.1716523812826376,1.0
17,30.0,9.67741935483871,300.0,dots,118125.0,45,206.60336402046235,0.08596,0.08844982507362892,3.3701721731037697
17,30.0,9.67741935483871,300.0,dp,300.0,25,292.85540236369275,0.00847,0.003025098712806282,34.20306965761511
17,5.0,50.0,300.0,squish,0.4625,46,206.60336402046235,0.00592,0.0021862194664661544,33.611486486486484
17,5.0,50.0,300.0,dp,300.0,25,292.85540236369275,0.00727,0.0023238139149060776,27.37001375515818
17,5.0,50.0,300.0,dots,118125.0,45,206.60336402046235,0.0716,0.03382855467073802,2.779050279329609
17,5.0,50.0,300.0,sots,,24,250.0000000000004,0.19898,0.029494737760413392,1.0
17,0.5,200.0,300.0,sots,,24,299.9999999999995,2.29184,0.6149363385298062,1.0
17,0.5,200.0,300.0,dots,118125.0,45,206.60336402046235,0.07482,0.03604163641617228,30.631381983426895
17,0.5,200.0,300.0,squish,0.4625,46,206.60336402046235,0.00594,0.002388025683837313,385.8316498316498
17,0.5,200.0,300.0,dp,300.0,25,292.85540236369275,0.00682,0.0006214677966091423,336.0469208211144
17,0.1,272.727272727273,300.0,sots,,22,300.0000000000008,40.98081,41.9669657911884,1.0
17,0.1,272.727272727273,300.0,dots,118125.0,45,206.60336402046235,0.06962,0.030266769456506804,588.6355932203389
17,0.1,272.727272727273,300.0,squish,0.4625,46,206.60336402046235,0.00536,0.0016774318995946683,7645.673507462686
17,0.1,272.727272727273,300.0,dp,300.0,25,292.85540236369275,0.02084,0.036937460659877526,1966.4496161228406
17,299.0,3.33333333333333,1000.0,squish,0.1425,14,887.0594223965171,0.00436,0.0011796421302901806,59.412844036697244
17,299.0,3.33333333333333,1000.0,dots,3250000.0,19,972.8952801027827,0.0702,0.025833569891390025,3.69002849002849
17,299.0,3.33333333333333,1000.0,sots,,12,996.6666666666656,0.25904,0.022778703504223716,1.0
17,299.0,3.33333333333333,1000.0,dp,1000.0,11,911.9147793719651,0.00359,0.0005646040894093646,72.15598885793872
17,30.0,32.258064516129,1000.0,squish,0.1425,14,887.0594223965171,0.00387,0.00032676869155073244,80.9767441860465
17,30.0,32.258064516129,1000.0,dots,3250000.0,19,972.8952801027827,0.07028,0.0315484741663083,4.459021058622652
17,30.0,32.258064516129,1000.0,dp,1000.0,11,911.9147793719651,0.0037,0.0011224972160321822,84.6972972972973
17,30.0,32.258064516129,1000.0,sots,,12,967.7419354838702,0.31338,0.12450702612927333,1.0
17,5.0,166.666666666667,1000.0,dp,1000.0,11,911.9147793719651,0.00384,0.0010627009613872254,94.94010416666667
17,5.0,166.666666666667,1000.0,dots,3250000.0,19,972.8952801027827,0.07848,0.0365647006460238,4.645387359836901
17,5.0,166.666666666667,1000.0,sots,,14,833.3333333333352,0.36457,0.21345290425134378,1.0
17,5.0,166.666666666667,1000.0,squish,0.1425,14,887.0594223965171,0.00418,0.0012025897979869205,87.2177033492823
17,0.5,666.666666666667,1000.0,dp,1000.0,11,911.9147793719651,0.00391,0.0007622335600063802,781.1125319693094
17,0.5,666.666666666667,1000.0,sots,,12,971.8253158075507,3.05415,0.5191500109687843,1.0
17,0.5,666.666666666667,1000.0,squish,0.1425,14,887.0594223965171,0.00386,0.00038355066303046725,791.2305699481865
17,0.5,666.666666666667,1000.0,dots,3250000.0,19,972.8952801027827,0.0693,0.022746916762986194,44.07142857142857
17,0.1,909.090909090909,1000.0,dp,1000.0,11,911.9147793719651,0.00494,0.003521741993199767,5960.665991902834
17,0.1,909.090909090909,1000.0,sots,,12,999.9999999999998,29.44569,4.496622710299118,1.0
17,0.1,909.090909090909,1000.0,dots,3250000.0,19,972.8952801027827,0.1534,0.2432367251145362,191.95365058670143
17,0.1,909.090909090909,1000.0,squish,0.1425,14,887.0594223965171,0.00488,0.001669863600550789,6033.952868852459
18,299.0,1.0,300.0,dp,0.0,5,0.0,0.00148,0.00034896672875473064,23.952702702702705
18,299.0,1.0,300.0,squish,1.0,5,0.0,0.00052,0.0002859681411936962,68.17307692307693
18,299.0,1.0,300.0,dots,1e-09,5,0.0,0.01681,0.010036981617996519,2.108863771564545
18,299.0,1.0,300.0,sots,,6,299.00000000000017,0.03545,0.013470152189192224,1.0
18,30.0,9.67741935483871,300.0,sots,,6,290.3225806451618,0.06795999999999999,0.07622468541533423,1.0
18,30.0,9.67741935483871,300.0,squish,1.0,5,0.0,0.00035,8.498365855987976e-05,194.17142857142855
18,30.0,9.67741935483871,300.0,dots,1e-09,5,0.0,0.018349999999999998,0.011025853456510496,3.703542234332425
18,30.0,9.67741935483871,300.0,dp,0.0,5,0.0,0.002,0.0010760008261045983,33.98
18,5.0,50.0,300.0,sots,,6,250.00000000000057,0.04014,0.028402628986298667,1.0
18,5.0,50.0,300.0,squish,1.0,5,0.0,0.00039,0.00018529256146249728,102.92307692307693
18,5.0,50.0,300.0,dots,1e-09,5,0.0,0.01373,0.004777039994715464,2.923525127458121
18,5.0,50.0,300.0,dp,0.0,5,0.0,0.00157,0.0005437523946307425,25.566878980891723
18,0.5,200.0,300.0,sots,,6,291.547594742265,0.10617,0.07066896301300404,1.0
18,0.5,200.0,300.0,dots,1e-09,5,0.0,0.01357,0.005195307711986098,7.823876197494473
18,0.5,200.0,300.0,squish,1.0,5,0.0,0.00037,0.00020575065816014622,286.94594594594594
18,0.5,200.0,300.0,dp,0.0,5,0.0,0.0018599999999999999,0.0007026932316294059,57.08064516129033
18,0.1,272.727272727273,300.0,squish,1.0,5,0.0,0.0003,0.00014907119849998598,1711.3333333333335
18,0.1,272.727272727273,300.0,dots,1e-09,5,0.0,0.01625,0.0113346322785033,31.59384615384615
18,0.1,272.727272727273,300.0,sots,,6,297.04119423807253,0.5134,0.17627584444084599,1.0
18,0.1,272.727272727273,300.0,dp,0.0,5,0.0,0.00137,0.00010593499054713807,374.7445255474453
18,299.0,3.33333333333333,1000.0,dots,1e-09,5,0.0,0.01485,0.01236718327761913,1.8855218855218856
18,299.0,3.33333333333333,1000.0,sots,,4,996.6666666666655,0.028,0.0021883530082893138,1.0
18,299.0,3.33333333333333,1000.0,dp,0.0,5,0.0,0.00133,0.0002002775851439974,21.05263157894737
18,299.0,3.33333333333333,1000.0,squish,1.0,5,0.0,0.0003,0.00011547005383792516,93.33333333333334
18,30.0,32.258064516129,1000.0,dp,0.0,5,0.0,0.00142,0.00033598941782277743,22.93661971830986
18,30.0,32.258064516129,1000.0,squish,1.0,5,0.0,0.00031999999999999997,6.32455532033676e-05,101.78125000000001
18,30.0,32.258064516129,1000.0,sots,,4,967.7419354838701,0.03257,0.016033163547264567,1.0
18,30.0,32.258064516129,1000.0,dots,1e-09,5,0.0,0.01403,0.011105759266654797,2.321454027084818
18,5.0,166.666666666667,1000.0,dots,1e-09,5,0.0,0.01823,0.01482273404080517,1.5068568294020843
18,5.0,166.666666666667,1000.0,dp,0.0,5,0.0,0.00141,0.00031428932176861787,19.482269503546096
18,5.0,166.666666666667,1000.0,squish,1.0,5,0.0,0.0003,9.428090415820634e-05,91.56666666666666
18,5.0,166.666666666667,1000.0,sots,,4,833.3333333333351,0.027469999999999998,0.0013540474306479979,1.0
18,0.5,666.666666666667,1000.0,sots,,4,985.275020860733,0.10413,0.044766854057686725,1.0
18,0.5,666.666666666667,1000.0,dots,1e-09,5,0.0,0.01107,0.0009189970378382924,9.40650406504065
18,0.5,666.666666666667,1000.0,squish,1.0,5,0.0,0.00034,0.00012649110640673515,306.2647058823529
18,0.5,666.666666666667,1000.0,dp,0.0,5,0.0,0.00154,0.0004599516882842757,67.61688311688312
18,0.1,909.090909090909,1000.0,sots,,4,998.4492107494913,0.58001,0.09849483291579873,1.0
18,0.1,909.090909090909,1000.0,dots,1e-09,5,0.0,0.01656,0.007539702322446894,35.02475845410628
18,0.1,909.090909090909,1000.0,dp,0.0,5,0.0,0.0014,0.0001825741858350554,414.29285714285714
18,0.1,909.090909090909,1000.0,squish,1.0,5,0.0,0.00056,0.00029888682361946527,1035.732142857143
19,299.0,1.0,300.0,dots,258750.0,25,295.9465758599157,0.06577,0.0208428005156057,4.156454310475901
19,299.0,1.0,300.0,dp,103.125,43,97.59822371899028,0.0103,0.0007086763875156434,26.540776699029127
19,299.0,1.0,300.0,squish,0.3825,38,279.562002902525,0.00503,0.0006498717822257967,54.3479125248509
19,299.0,1.0,300.0,sots,,26,299.00000000000017,0.27337,0.1078171502539781,1.0
19,30.0,9.67741935483871,300.0,dp,103.125,43,97.59822371899028,0.00995,0.0008527732536977357,27.91256281407035
19,30.0,9.67741935483871,300.0,squish,0.3825,38,279.562002902525,0.00546,0.0016984960667864053,50.866300366300365
19,30.0,9.67741935483871,300.0,sots,,26,290.3225806451615,0.27773,0.1062652660928197,1.0
19,30.0,9.67741935483871,300.0,dots,258750.0,25,295.9465758599157,0.06909,0.020720330863939193,4.019829208279056
19,5.0,50.0,300.0,squish,0.3825,38,279.562002902525,0.00466,0.000302581485810939,53.13948497854078
19,5.0,50.0,300.0,dp,103.125,43,97.59822371899028,0.01118,0.0032286219970755325,22.14937388193202
19,5.0,50.0,300.0,dots,258750.0,25,295.9465758599157,0.062060000000000004,0.010919727306322465,3.9901708024492426
19,5.0,50.0,300.0,sots,,30,249.99999999999991,0.24763000000000002,0.05032898546342632,1.0
19,0.5,200.0,300.0,squish,0.3825,38,279.562002902525,0.00948,0.013744396838146244,212.7879746835443
19,0.5,200.0,300.0,dots,258750.0,25,295.9465758599157,0.06601,0.015875099299776926,30.559460687774582
19,0.5,200.0,300.0,sots,,22,299.9999999999997,2.01723,0.30902740637181175,1.0
19,0.5,200.0,300.0,dp,103.125,43,97.59822371899028,0.01192,0.003060065358779123,169.2307046979866
19,0.1,272.727272727273,300.0,dots,258750.0,25,295.9465758599157,0.07461,0.04975366988139334,313.6596970915427
19,0.1,272.727272727273,300.0,squish,0.3825,38,279.562002902525,0.00553,0.0015578118557058739,4231.853526220614
19,0.1,272.727272727273,300.0,dp,103.125,43,97.59822371899028,0.01318,0.004654698940019883,1775.580424886191
19,0.1,272.727272727273,300.0,sots,,22,299.5347632248476,23.40215,9.664485058564797,1.0
19,299.0,3.33333333333333,1000.0,squish,0.1825,18,771.821570200301,0.00474,0.0012001851708984092,60.0168776371308
19,299.0,3.33333333333333,1000.0,sots,,10,996.6666666666656,0.28448,0.09747859936074858,1.0
19,299.0,3.33333333333333,1000.0,dp,1000.0,10,907.0334597587065,0.00406,0.0013745302227791622,70.06896551724138
19,299.0,3.33333333333333,1000.0,dots,3000000.0,13,822.6299947704634,0.11069999999999999,0.07299712323098767,2.5698283649503164
19,30.0,32.258064516129,1000.0,sots,,10,967.7419354838698,0.34238,0.11868192598519607,1.0
19,30.0,32.258064516129,1000.0,squish,0.1825,18,771.821570200301,0.0085,0.007958224257542215,40.28
19,30.0,32.258064516129,1000.0,dp,1000.0,10,907.0334597587065,0.00425,0.001179689224612426,80.56
19,30.0,32.258064516129,1000.0,dots,3000000.0,13,822.6299947704634,0.09998,0.047545108405947854,3.424484896979396
19,5.0,166.666666666667,1000.0,squish,0.1825,18,771.821570200301,0.00449,0.0003348299734359381,52.84409799554566
19,5.0,166.666666666667,1000.0,dots,3000000.0,13,822.6299947704634,0.07661,0.011418449982375014,3.0971152591045557
19,5.0,166.666666666667,1000.0,sots,,10,833.333333333335,0.23727,0.05435414836463216,1.0
19,5.0,166.666666666667,1000.0,dp,1000.0,10,907.0334597587065,0.00335,0.0002505549396395485,70.8268656716418
19,0.5,666.666666666667,1000.0,dp,1000.0,10,907.0334597587065,0.01293,0.026359735709347822,260.89636504253673
19,0.5,666.666666666667,1000.0,sots,,8,971.8253158075506,3.37339,2.0311354889158264,1.0
19,0.5,666.666666666667,1000.0,squish,0.1825,18,771.821570200301,0.0049,0.0013299958228840004,688.4469387755103
19,0.5,666.666666666667,1000.0,dots,3000000.0,13,822.6299947704634,0.07416,0.013097090431762994,45.48799892125135
19,0.1,909.090909090909,1000.0,squish,0.1825,18,771.821570200301,0.00459,0.0002233582075700128,4457.348583877995
19,0.1,909.090909090909,1000.0,sots,,8,992.7100757013561,20.459229999999998,3.437981862485283,1.0
19,0.1,909.090909090909,1000.0,dots,3000000.0,13,822.6299947704634,0.07425,0.004881085944746312,275.5451851851852
19,0.1,909.090909090909,1000.0,dp,1000.0,10,907.0334597587065,0.00372,0.0009330952077181978,5499.793010752687
20,299.0,1.0,300.0,dots,2880000.0,4,242.37222126471764,0.08156000000000001,0.03650011263300735,4.791809710642472
20,299.0,1.0,300.0,dp,300.0,5,137.92021990753136,0.00231,0.000540473043833928,169.1861471861472
20,299.0,1.0,300.0,sots,,4,299.00000000000017,0.39082,0.12164647138326702,1.0
20,299.0,1.0,300.0,squish,0.0825,8,208.5097305148784,0.00315,0.00042752517794602196,124.06984126984126
20,30.0,9.67741935483871,300.0,dots,2880000.0,4,242.37222126471764,0.06852,0.004801805216096686,7.090046701692937
20,30.0,9.67741935483871,300.0,sots,,4,290.3225806451605,0.48581,0.24430046368264544,1.0
20,30.0,9.67741935483871,300.0,dp,300.0,5,137.92021990753136,0.00241,0.0005466056876558985,201.58091286307055
20,30.0,9.67741935483871,300.0,squish,0.0825,8,208.5097305148784,0.0032,0.00032659863237109043,151.815625
20,5.0,50.0,300.0,squish,0.0825,8,208.5097305148784,0.0035,0.0015420044674960504,107.05999999999999
20,5.0,50.0,300.0,dp,300.0,5,137.92021990753136,0.00218,0.0004871686908385363,171.88532110091742
20,5.0,50.0,300.0,sots,,4,249.99999999999991,0.37471,0.11496470424535622,1.0
20,5.0,50.0,300.0,dots,2880000.0,4,242.37222126471764,0.0664,0.007973010026890024,5.643222891566265
20,0.5,200.0,300.0,sots,,4,291.54759474226506,2.83718,0.26982235225751366,1.0
20,0.5,200.0,300.0,dots,2880000.0,4,242.37222126471764,0.0904,0.05909248871237547,31.38473451327434
20,0.5,200.0,300.0,squish,0.0825,8,208.5097305148784,0.00309,0.001146443776786866,918.1812297734629
20,0.5,200.0,300.0,dp,300.0,5,137.92021990753136,0.00205,0.00021730674684008832,1383.990243902439
20,0.1,272.727272727273,300.0,dp,300.0,5,137.92021990753136,0.00228,0.00048258562855610284,12346.719298245614
20,0.1,272.727272727273,300.0,squish,0.0825,8,208.5097305148784,0.00286,0.0001955050439815357,9842.839160839161
20,0.1,272.727272727273,300.0,dots,2880000.0,4,242.37222126471764,0.09917000000000001,0.06516205525030994,283.8612483613996
20,0.1,272.727272727273,300.0,sots,,4,298.24278737759414,28.15052,2.3366472632575266,1.0
20,299.0,3.33333333333333,1000.0,sots,,2,996.6666666666654,0.40081,0.06370831883583877,1.0
20,299.0,3.33333333333333,1000.0,squish,0.0325,3,664.534416370571,0.00185,0.0009058452161134128,216.65405405405406
20,299.0,3.33333333333333,1000.0,dp,1000.0,2,706.5057708643475,0.00086,0.00027162065049951155,466.0581395348837
20,299.0,3.33333333333333,1000.0,dots,32000000.0,2,706.5057708643475,0.061880000000000004,0.03966587674283499,6.477213962508079
20,30.0,32.258064516129,1000.0,dots,32000000.0,2,706.5057708643475,0.05679,0.008629593784697452,8.349357281211482
20,30.0,32.258064516129,1000.0,dp,1000.0,2,706.5057708643475,0.001,0.000410960933531265,474.16
20,30.0,32.258064516129,1000.0,squish,0.0325,3,664.534416370571,0.00184,0.0008871928263411011,257.69565217391306
20,30.0,32.258064516129,1000.0,sots,,2,967.7419354838702,0.47416,0.19853587529153968,1.0
20,5.0,166.666666666667,1000.0,sots,,2,833.3333333333351,0.51032,0.1859810014192011,1.0
20,5.0,166.666666666667,1000.0,dots,32000000.0,2,706.5057708643475,0.06396,0.03221225439694238,7.978736710444027
20,5.0,166.666666666667,1000.0,squish,0.0325,3,664.534416370571,0.00318,0.005076919450918156,160.47798742138363
20,5.0,166.666666666667,1000.0,dp,1000.0,2,706.5057708643475,0.00083,8.232726023485645e-05,614.843373493976
20,0.5,666.666666666667,1000.0,dots,32000000.0,2,706.5057708643475,0.05877,0.009606253750089631,52.431002212012935
20,0.5,666.666666666667,1000.0,dp,1000.0,2,706.5057708643475,0.00105,0.00044534630719624625,2934.6380952380955
20,0.5,666.666666666667,1000.0,sots,,2,971.8253158075504,3.08137,0.41194209423170136,1.0
20,0.5,666.666666666667,1000.0,squish,0.0325,3,664.534416370571,0.00165,0.0003659083066683358,1867.4969696969697
20,0.1,909.090909090909,1000.0,dp,1000.0,2,706.5057708643475,0.00082,0.00010327955589886446,57310.12195121952
20,0.1,909.090909090909,1000.0,sots,,2,996.3580882889319,46.9943,21.038396309340904,1.0
20,0.1,909.090909090909,1000.0,dots,32000000.0,2,706.5057708643475,0.06749,0.03930511558450263,696.3150096310566
20,0.1,909.090909090909,1000.0,squish,0.0325,3,664.534416370571,0.00172,0.0002936362072739365,27322.267441860466
21,299.0,1.0,300.0,dots,90000.0,128,269.6289340807464,0.24298,0.04742888946154607,6.450119351386945
21,299.0,1.0,300.0,sots,,92,299.00000000000034,1.56725,0.23232511821917912,1.0
21,299.0,1.0,300.0,squish,0.24872448979591838,146,269.6289340807464,0.06081,0.003988720206894548,25.772899194211476
21,299.0,1.0,300.0,dp,178.125,107,177.51875914330518,0.02695,0.0020839332469582074,58.15398886827458
21,30.0,9.67741935483871,300.0,dp,178.125,107,177.51875914330518,0.02483,0.000377270901784558,52.9810712847362
21,30.0,9.67741935483871,300.0,dots,90000.0,128,269.6289340807464,0.19341,0.013345698433078227,6.801716560674215
21,30.0,9.67741935483871,300.0,squish,0.24872448979591838,146,269.6289340807464,0.05765,0.0035836821535646527,22.819080659150043
21,30.0,9.67741935483871,300.0,sots,,90,290.32258064516185,1.31552,0.15999069278485478,1.0
21,5.0,50.0,300.0,dp,178.125,107,177.51875914330518,0.02547,0.0011576316819745004,61.398900667451905
21,5.0,50.0,300.0,sots,,96,250.00000000000088,1.56383,0.21855138754993073,1.0
21,5.0,50.0,300.0,dots,90000.0,128,269.6289340807464,0.20482,0.025432516369578717,7.635143052436286
21,5.0,50.0,300.0,squish,0.24872448979591838,146,269.6289340807464,0.06124,0.011552411965569019,25.536087524493794
21,0.5,200.0,300.0,sots,,86,300.00000000000017,11.39347,0.5044344733351289,1.0
21,0.5,200.0,300.0,squish,0.24872448979591838,146,269.6289340807464,0.056749999999999995,0.001960300430489617,200.76599118942735
21,0.5,200.0,300.0,dp,178.125,107,177.51875914330518,0.02555,0.0014346892811104891,445.9283757338552
21,0.5,200.0,300.0,dots,90000.0,128,269.6289340807464,0.20852,0.020550469040335247,54.639698829848456
21,0.1,272.727272727273,300.0,dp,178.125,107,177.51875914330518,0.02568,0.0017725060727054724,4632.946261682243
21,0.1,272.727272727273,300.0,squish,0.24872448979591838,146,269.6289340807464,0.06394999999999999,0.00992586408217329,1860.4231430805319
21,0.1,272.727272727273,300.0,dots,90000.0,128,269.6289340807464,0.20739000000000002,0.020957334966280633,573.6730797049037
21,0.1,272.727272727273,300.0,sots,,86,300.00000000000085,118.97406,10.697289661010188,1.0
21,299.0,3.33333333333333,1000.0,squish,0.14498299319727892,85,828.8109744189965,0.04247,0.012036061555915117,26.938073934542032
21,299.0,3.33333333333333,1000.0,dp,421.875,74,665.7421740552596,0.02168,0.0018558017135459279,52.77029520295203
21,299.0,3.33333333333333,1000.0,dots,1593750.0,76,841.8165239177072,0.18848,0.02669239592093598,6.069927843803056
21,299.0,3.33333333333333,1000.0,sots,,48,996.6745829275534,1.14406,0.05206180515075865,1.0
21,30.0,32.258064516129,1000.0,sots,,50,967.7471311162767,1.21508,0.024271510505574728,1.0
21,30.0,32.258064516129,1000.0,dots,1593750.0,76,841.8165239177072,0.18662,0.016124639530854634,6.510984889079412
21,30.0,32.258064516129,1000.0,squish,0.14498299319727892,85,828.8109744189965,0.03918,0.0011458136361943364,31.01276161306789
21,30.0,32.258064516129,1000.0,dp,421.875,74,665.7421740552596,0.022199999999999998,0.0019522067285795096,54.733333333333334
21,5.0,166.666666666667,1000.0,squish,0.14498299319727892,85,828.8109744189965,0.05139,0.02966683333286517,32.870013621327104
21,5.0,166.666666666667,1000.0,dots,1593750.0,76,841.8165239177072,0.21478,0.03931657270018445,7.86474532079337
21,5.0,166.666666666667,1000.0,sots,,56,833.3333333333358,1.68919,0.16868566065647403,1.0
21,5.0,166.666666666667,1000.0,dp,421.875,74,665.7421740552596,0.02702,0.013906657078935653,62.51628423390081
21,0.5,666.666666666667,1000.0,sots,,44,1000.0000000000006,10.3953,0.7147540260661548,1.0
21,0.5,666.666666666667,1000.0,squish,0.14498299319727892,85,828.8109744189965,0.0393,0.00126403234839057,264.51145038167937
21,0.5,666.666666666667,1000.0,dots,1593750.0,76,841.8165239177072,0.20515,0.027473188950522486,50.67170363148916
21,0.5,666.666666666667,1000.0,dp,421.875,74,665.7421740552596,0.02152,0.0010336558636434299,483.05297397769516
21,0.1,909.090909090909,1000.0,squish,0.14498299319727892,85,828.8109744189965,0.04882,0.019675015177178953,2551.578041786153
21,0.1,909.090909090909,1000.0,sots,,40,1000.0000000000003,124.56804,19.632467095502793,1.0
21,0.1,909.090909090909,1000.0,dots,1593750.0,76,841.8165239177072,0.26748,0.17173870850801226,465.7097353073127
21,0.1,909.090909090909,1000.0,dp,421.875,74,665.7421740552596,0.02353,0.000567744073798514,5294.009349766256
22,299.0,1.0,300.0,dots,114785.15625,503,282.9780672224266,0.44033,0.03519400359278393,3.6201258147298616
22,299.0,1.0,300.0,sots,,276,299.0016769815913,1.59405,0.08477167045134308,1.0
22,299.0,1.0,300.0,dp,53.90625,566,83.20250137890292,0.11258,0.0077872830806243205,14.159264523005863
22,299.0,1.0,300.0,squish,0.60025,600,282.9780672224265,0.20574,0.004443522126521811,7.747885680956546
22,30.0,9.67741935483871,300.0,dp,53.90625,566,83.20250137890292,0.11489,0.008425813511663622,14.225781182000173
22,30.0,9.67741935483871,300.0,sots,,280,290.3225806451618,1.6343999999999999,0.07744172002222056,1.0
22,30.0,9.67741935483871,300.0,dots,114785.15625,503,282.9780672224266,0.42851,0.01588279642324431,3.8141466943595246
22,30.0,9.67741935483871,300.0,squish,0.60025,600,282.9780672224265,0.44323,0.726856152741227,3.687476028247185
22,5.0,50.0,300.0,dp,53.90625,566,83.20250137890292,0.12641,0.025479771933394107,12.807926588086387
22,5.0,50.0,300.0,dots,114785.15625,503,282.9780672224266,0.58534,0.38322629288131516,2.7659992483001337
22,5.0,50.0,300.0,sots,,304,250.001324887962,1.61905,0.16228935235833833,1.0
22,5.0,50.0,300.0,squish,0.60025,600,282.9780672224265,0.22538,0.01816962055495687,7.183645398881889
22,0.5,200.0,300.0,squish,0.60025,600,282.9780672224265,0.24975,0.0551193301442929,69.23495495495494
22,0.5,200.0,300.0,dots,114785.15625,503,282.9780672224266,0.51346,0.13397576231874514,33.676294161181005
22,0.5,200.0,300.0,sots,,252,300.0000000000001,17.29143,3.516278179189531,1.0
22,0.5,200.0,300.0,dp,53.90625,566,83.20250137890292,0.13677,0.03913075090854591,126.42706733932879
22,0.1,272.727272727273,300.0,squish,0.60025,600,282.9780672224265,0.26007,0.06768883134527356,575.9752758872611
22,0.1,272.727272727273,300.0,sots,,250,300.0000000000005,149.79389,12.168932007137407,1.0
22,0.1,272.727272727273,300.0,dp,53.90625,566,83.20250137890292,0.11641,0.010807759558144631,1286.778541362426
22,0.1,272.727272727273,300.0,dots,114785.15625,503,282.9780672224266,0.569,0.16119813894707347,263.2581546572935
22,299.0,3.33333333333333,1000.0,dp,550.78125,176,930.4594205725876,0.06817,0.023275167978866328,41.06337098430395
22,299.0,3.33333333333333,1000.0,squish,0.28225,282,846.229246463718,0.22128,0.07333160300988927,12.65044287780188
22,299.0,3.33333333333333,1000.0,sots,,124,996.6730020038724,2.79929,0.626451105567439,1.0
22,299.0,3.33333333333333,1000.0,dots,1421875.0,188,773.3493139903685,0.65451,0.2232196996981524,4.276924722311347
22,30.0,32.258064516129,1000.0,dp,550.78125,176,930.4594205725876,0.06888,0.01780847488635054,38.08101045296167
22,30.0,32.258064516129,1000.0,dots,1421875.0,188,773.3493139903685,0.69551,0.2966712525862779,3.7713620221132693
22,30.0,32.258064516129,1000.0,sots,,128,967.7481903874155,2.62302,0.47735432868165256,1.0
22,30.0,32.258064516129,1000.0,squish,0.28225,282,846.229246463718,0.19547,0.023779545365245684,13.419041285107689
22,5.0,166.666666666667,1000.0,squish,0.28225,282,846.229246463718,0.21573,0.07717037500088864,13.076855328419784
22,5.0,166.666666666667,1000.0,sots,,142,833.3333333333354,2.82107,0.5296476943319127,1.0
22,5.0,166.666666666667,1000.0,dots,1421875.0,188,773.3493139903685,0.61437,0.09254241129821984,4.591809495906376
22,5.0,166.666666666667,1000.0,dp,550.78125,176,930.4594205725876,0.08388,0.06605186177879051,33.632212684787795
22,0.5,666.666666666667,1000.0,squish,0.28225,282,846.229246463718,0.48734,0.6184023702700011,137.59722165223457
22,0.5,666.666666666667,1000.0,dots,1421875.0,188,773.3493139903685,0.78955,0.25701957664305997,84.93018808181876
22,0.5,666.666666666667,1000.0,sots,,112,1000.0000000000003,67.05663,38.097641783071325,1.0
22,0.5,666.666666666667,1000.0,dp,550.78125,176,930.4594205725876,0.11319,0.059396828385211126,592.425390935595
22,0.1,909.090909090909,1000.0,sots,,110,1000.0000000000003,169.38664,16.3280087970334,1.0
22,0.1,909.090909090909,1000.0,squish,0.28225,282,846.229246463718,0.18592999999999998,0.03475997219024587,911.0237186037757
22,0.1,909.090909090909,1000.0,dp,550.78125,176,930.4594205725876,0.0611,0.029385521756281428,2772.2854337152207
22,0.1,909.090909090909,1000.0,dots,1421875.0,188,773.3493139903685,0.5056700000000001,0.08320506194537286,334.97466727312275
23,299.0,1.0,300.0,squish,0.18425,184,298.21817559617375,0.12104,0.005263543377696143,16.066011235955056
23,299.0,1.0,300.0,dp,262.5,96,291.0361201785837,0.031760000000000004,0.001172082666784976,61.22890428211586
23,299.0,1.0,300.0,dots,126562.5,147,249.45450049307635,0.3702,0.021560972973304237,5.2529173419773105
23,299.0,1.0,300.0,sots,,88,299.0024746838429,1.94463,0.14452755254429664,1.0
23,30.0,9.67741935483871,300.0,sots,,88,290.32258064516157,1.96597,0.12606918779428658,1.0
23,30.0,9.67741935483871,300.0,dp,262.5,96,291.0361201785837,0.03206,0.002252011446586263,61.32158452900811
23,30.0,9.67741935483871,300.0,dots,126562.5,147,249.45450049307635,0.37728,0.019561401903862734,5.210904368108567
23,30.0,9.67741935483871,300.0,squish,0.18425,184,298.21817559617375,0.14951,0.05882619314557079,13.149421443381714
23,5.0,50.0,300.0,squish,0.18425,184,298.21817559617375,0.12148,0.0040794335118711994,14.589479749753044
23,5.0,50.0,300.0,sots,,98,250.00220553833284,1.77233,0.0699075905908809,1.0
23,5.0,50.0,300.0,dp,262.5,96,291.0361201785837,0.03558,0.01102611042530915,49.812535132096684
23,5.0,50.0,300.0,dots,126562.5,147,249.45450049307635,0.37181,0.018082124383551355,4.766762593797908
23,0.5,200.0,300.0,dp,262.5,96,291.0361201785837,0.03306,0.00303249072545985,626.0977011494252
23,0.5,200.0,300.0,dots,126562.5,147,249.45450049307635,0.38576,0.04166605866223063,53.65717026130236
23,0.5,200.0,300.0,sots,,82,300.00000000000017,20.69879,0.8133509485114315,1.0
23,0.5,200.0,300.0,squish,0.18425,184,298.21817559617375,0.12204,0.013459337939801414,169.60660439200262
23,0.1,272.727272727273,300.0,dots,126562.5,147,249.45450049307635,0.41207,0.0881377211464472,541.976533113306
23,0.1,272.727272727273,300.0,squish,0.18425,184,298.21817559617375,0.12312,0.006374393217310088,1813.9398148148148
23,0.1,272.727272727273,300.0,sots,,80,300.00000000000034,223.33227,6.845834732976122,1.0
23,0.1,272.727272727273,300.0,dp,262.5,96,291.0361201785837,0.0318,0.0016806083554607376,7023.027358490565
23,299.0,3.33333333333333,1000.0,dp,1000.0,29,852.0948887351997,0.01925,0.00394947253862251,147.6561038961039
23,299.0,3.33333333333333,1000.0,dots,3750000.0,44,878.1721245101472,0.705,0.1029017330595878,4.031744680851064
23,299.0,3.33333333333333,1000.0,sots,,30,996.6666666666656,2.84238,0.46554793236930325,1.0
23,299.0,3.33333333333333,1000.0,squish,0.08325,83,693.0706809121843,0.07473,0.006129536868493592,38.03532717784022
23,30.0,32.258064516129,1000.0,squish,0.08325,83,693.0706809121843,0.07887,0.015289796888411856,31.523012552301257
23,30.0,32.258064516129,1000.0,dots,3750000.0,44,878.1721245101472,0.66166,0.14396901827206515,3.7575491944503217
23,30.0,32.258064516129,1000.0,sots,,30,967.7419354838704,2.48622,0.3726531058951922,1.0
23,30.0,32.258064516129,1000.0,dp,1000.0,29,852.0948887351997,0.01916,0.004637575995184457,129.76096033402922
23,5.0,166.666666666667,1000.0,sots,,30,833.333333333335,2.004,0.30153694448423546,1.0
23,5.0,166.666666666667,1000.0,dp,1000.0,29,852.0948887351997,0.01884,0.0044599950174361806,106.36942675159236
23,5.0,166.666666666667,1000.0,squish,0.08325,83,693.0706809121843,0.06517,0.0019038265560590228,30.750345250882305
23,5.0,166.666666666667,1000.0,dots,3750000.0,44,878.1721245101472,0.79345,0.2767669306273582,2.525678996786187
23,0.5,666.666666666667,1000.0,dots,3750000.0,44,878.1721245101472,0.6547000000000001,0.05377634754755621,36.586696196731324
23,0.5,666.666666666667,1000.0,sots,,22,971.8253158075505,23.953310000000002,2.187278471043156,1.0
23,0.5,666.666666666667,1000.0,dp,1000.0,29,852.0948887351997,0.018090000000000002,0.001047165486232026,1324.118850193477
23,0.5,666.666666666667,1000.0,squish,0.08325,83,693.0706809121843,0.09117,0.04702363590082474,262.73236810354285
23,0.1,909.090909090909,1000.0,dots,3750000.0,44,878.1721245101472,0.65574,0.0889671499924426,280.1229755695855
23,0.1,909.090909090909,1000.0,dp,1000.0,29,852.0948887351997,0.01868,0.001663864310706989,9833.396145610279
23,0.1,909.090909090909,1000.0,sots,,20,1000.0000000000001,183.68784,7.299161203133773,1.0
23,0.1,909.090909090909,1000.0,squish,0.08325,83,693.0706809121843,0.07232,0.005431553900844379,2539.9314159292035
24,299.0,1.0,300.0,squish,0.16852678571428573,113,242.15806730886794,0.06689,0.024989751232588665,25.688742711915083
24,299.0,1.0,300.0,dp,300.0,65,296.6394578667927,0.02316,0.009014457523580908,74.19343696027634
24,299.0,1.0,300.0,dots,90000.0,114,242.15806730886794,0.24638,0.033732832670856444,6.974267391833753
24,299.0,1.0,300.0,sots,,66,299.00000000000034,1.71832,0.2806367078230818,1.0
24,30.0,9.67741935483871,300.0,dp,300.0,65,296.6394578667927,0.01977,0.0005831904586934799,79.31360647445625
24,30.0,9.67741935483871,300.0,dots,90000.0,114,242.15806730886794,0.23244,0.018134877385242446,6.745955945620375
24,30.0,9.67741935483871,300.0,squish,0.16852678571428573,113,242.15806730886794,0.05167,0.0004448470398787542,30.347009870330947
24,30.0,9.67741935483871,300.0,sots,,66,290.3225806451615,1.56803,0.032448764742796184,1.0
24,5.0,50.0,300.0,dp,300.0,65,296.6394578667927,0.01941,0.0003928528138289628,80.29160226687274
24,5.0,50.0,300.0,sots,,68,250.00000000000114,1.55846,0.07078046183642614,1.0
24,5.0,50.0,300.0,dots,90000.0,114,242.15806730886794,0.22537,0.008123361373224756,6.915117362559347
24,5.0,50.0,300.0,squish,0.16852678571428573,113,242.15806730886794,0.0521,0.0018779421361337703,29.912859884836852
24,0.5,200.0,300.0,dp,300.0,65,296.6394578667927,0.0196,0.0002357022603955157,663.7897959183673
24,0.5,200.0,300.0,sots,,60,299.7351958518337,13.01028,0.17848114621874087,1.0
24,0.5,200.0,300.0,dots,90000.0,114,242.15806730886794,0.21887,0.008141669225519897,59.44295700644218
24,0.5,200.0,300.0,squish,0.16852678571428573,113,242.15806730886794,0.05251,0.0028976810651891206,247.76766330222813
24,0.1,272.727272727273,300.0,squish,0.16852678571428573,113,242.15806730886794,0.053489999999999996,0.0043788506863483385,2549.253879229763
24,0.1,272.727272727273,300.0,dots,90000.0,114,242.15806730886794,0.22215000000000001,0.007322302309459168,613.8176457348637
24,0.1,272.727272727273,300.0,sots,,60,299.6000936374791,136.35959,1.0656941925858043,1.0
24,0.1,272.727272727273,300.0,dp,300.0,65,296.6394578667927,0.01954,0.0005059644256269409,6978.484646878199
24,299.0,3.33333333333333,1000.0,squish,0.09561011904761904,64,738.4220826353994,0.03959,0.011398289345335991,27.124021217479157
24,299.0,3.33333333333333,1000.0,sots,,38,996.6666666666658,1.07384,0.06844479040316605,1.0
24,299.0,3.33333333333333,1000.0,dp,765.625,42,738.4466717540093,0.02005,0.009594819203901424,53.55810473815461
24,299.0,3.33333333333333,1000.0,dots,2250000.0,64,811.3396147272878,0.28917,0.06703453587517408,3.713524916139295
24,30.0,32.258064516129,1000.0,sots,,38,967.7419354838705,1.14777,0.0426782549367291,1.0
24,30.0,32.258064516129,1000.0,squish,0.09561011904761904,64,738.4220826353994,0.03431,0.0009870832453918637,33.45292917516759
24,30.0,32.258064516129,1000.0,dp,765.625,42,738.4466717540093,0.01581,0.00020248456731316585,72.5977229601518
24,30.0,32.258064516129,1000.0,dots,2250000.0,64,811.3396147272878,0.25844,0.0190674941545378,4.441146881287726
24,5.0,166.666666666667,1000.0,squish,0.09561011904761904,64,738.4220826353994,0.034339999999999996,0.0012167351578895244,43.60891089108912
24,5.0,166.666666666667,1000.0,dp,765.625,42,738.4466717540093,0.01681,0.0012582615873586152,89.08566329565735
24,5.0,166.666666666667,1000.0,dots,2250000.0,64,811.3396147272878,0.30838,0.16968430687603375,4.856119073869901
24,5.0,166.666666666667,1000.0,sots,,40,833.3333333333353,1.49753,0.09958618880145982,1.0
24,0.5,666.666666666667,1000.0,sots,,34,971.8253158075504,10.85998,0.3698390785192934,1.0
24,0.5,666.666666666667,1000.0,squish,0.09561011904761904,64,738.4220826353994,0.045899999999999996,0.03402133317656895,236.600871459695
24,0.5,666.666666666667,1000.0,dp,765.625,42,738.4466717540093,0.01591,0.00036347092196090586,682.588309239472
24,0.5,666.666666666667,1000.0,dots,2250000.0,64,811.3396147272878,0.25937,0.02336593199035248,41.87060955391912
24,0.1,909.090909090909,1000.0,dots,2250000.0,64,811.3396147272878,0.30643,0.1015814730483205,452.65904121659105
24,0.1,909.090909090909,1000.0,squish,0.09561011904761904,64,738.4220826353994,0.04595,0.023735170809019542,3018.679216539717
24,0.1,909.090909090909,1000.0,sots,,34,999.9999999999999,138.70830999999998,9.877617184034484,1.0
24,0.1,909.090909090909,1000.0,dp,765.625,42,738.4466717540093,0.01805,0.005894111939516889,7684.670914127423
25,299.0,1.0,300.0,dp,62.109375,258,61.56115001631803,0.06305,0.011622798477322251,22.47184773988898
25,299.0,1.0,300.0,squish,0.31359649122807015,250,299.63847785037007,0.1213,0.018073983758122854,11.680544105523495
25,299.0,1.0,300.0,sots,,176,299.0027837228914,1.41685,0.375204265108428,1.0
25,299.0,1.0,300.0,dots,113906.25,256,299.63847785037007,0.35696,0.08604274389963268,3.9692122366651725
25,30.0,9.67741935483871,300.0,dp,62.109375,258,61.56115001631803,0.057229999999999996,0.002503797116381438,22.883802201642496
25,30.0,9.67741935483871,300.0,dots,113906.25,256,299.63847785037007,0.30907,0.02753454597813849,4.23735723298929
25,30.0,9.67741935483871,300.0,squish,0.31359649122807015,250,299.63847785037007,0.11668,0.003881236916242038,11.224202948234486
25,30.0,9.67741935483871,300.0,sots,,176,290.32465701013393,1.30964,0.14816495462077992,1.0
25,5.0,50.0,300.0,dp,62.109375,258,61.56115001631803,0.0566,0.0035163111984641564,24.087455830388695
25,5.0,50.0,300.0,sots,,192,250.00144847332527,1.36335,0.01815631203374372,1.0
25,5.0,50.0,300.0,squish,0.31359649122807015,250,299.63847785037007,0.11783,0.016172751432235916,11.570482899091912
25,5.0,50.0,300.0,dots,113906.25,256,299.63847785037007,0.30724,0.043635490142772536,4.437410493425335
25,0.5,200.0,300.0,sots,,162,299.9999999999995,14.22748,1.1506088695411079,1.0
25,0.5,200.0,300.0,squish,0.31359649122807015,250,299.63847785037007,0.13066,0.033654294756472844,108.88933108832083
25,0.5,200.0,300.0,dp,62.109375,258,61.56115001631803,0.05834,0.004050569232973449,243.87178608159067
25,0.5,200.0,300.0,dots,113906.25,256,299.63847785037007,0.34085,0.0828446504676742,41.741176470588236
25,0.1,272.727272727273,300.0,dp,62.109375,258,61.56115001631803,0.06217,0.008520178662706813,2313.7884831912497
25,0.1,272.727272727273,300.0,sots,,156,300.00000000000034,143.84823,2.469735886486648,1.0
25,0.1,272.727272727273,300.0,dots,113906.25,256,299.63847785037007,0.29481,0.021867299279466988,487.93538211051185
25,0.1,272.727272727273,300.0,squish,0.31359649122807015,250,299.63847785037007,0.11594,0.005338996992777657,1240.712696222184
25,299.0,3.33333333333333,1000.0,squish,0.19078947368421054,152,992.8900480333434,0.08411,0.002971138951087051,19.06657947925336
25,299.0,3.33333333333333,1000.0,dp,662.109375,100,709.5647250539985,0.02971,0.002549270048029,53.978121844496805
25,299.0,3.33333333333333,1000.0,dots,1375000.0,139,990.85715087275,0.31346,0.017204857195312926,5.116091367319594
25,299.0,3.33333333333333,1000.0,sots,,84,996.6747667262764,1.60369,0.12373180180445838,1.0
25,30.0,32.258064516129,1000.0,squish,0.19078947368421054,152,992.8900480333434,0.08562,0.00434812858851049,18.83309974305069
25,30.0,32.258064516129,1000.0,dots,1375000.0,139,990.85715087275,0.36453,0.07473033074551011,4.4234768057498695
25,30.0,32.258064516129,1000.0,sots,,86,967.7472457674887,1.61249,0.11153976321374268,1.0
25,30.0,32.258064516129,1000.0,dp,662.109375,100,709.5647250539985,0.02949,0.0013649989824986034,54.67921329264158
25,5.0,166.666666666667,1000.0,dots,1375000.0,139,990.85715087275,0.31072,0.011390619922647853,4.957518022657054
25,5.0,166.666666666667,1000.0,sots,,96,833.3333333333358,1.5404,0.06009669985392987,1.0
25,5.0,166.666666666667,1000.0,dp,662.109375,100,709.5647250539985,0.02927,0.0017663836251253894,52.62726340963444
25,5.0,166.666666666667,1000.0,squish,0.19078947368421054,152,992.8900480333434,0.08776,0.013697542358637432,17.552415679124884
25,0.5,666.666666666667,1000.0,dp,662.109375,100,709.5647250539985,0.03476,0.018194516878566585,437.96001150747986
25,0.5,666.666666666667,1000.0,squish,0.19078947368421054,152,992.8900480333434,0.08882999999999999,0.00900938399670033,171.37780029269393
25,0.5,666.666666666667,1000.0,sots,,76,1000.0000000000003,15.22349,0.22253990628399442,1.0
25,0.5,666.666666666667,1000.0,dots,1375000.0,139,990.85715087275,0.32391000000000003,0.0441606020993575,46.99913556234756
25,0.1,909.090909090909,1000.0,dots,1375000.0,139,990.85715087275,0.42488,0.15160348720703404,414.4726746375448
25,0.1,909.090909090909,1000.0,sots,,72,999.9999999999999,176.10115000000002,74.55039292252442,1.0
25,0.1,909.090909090909,1000.0,dp,662.109375,100,709.5647250539985,0.04297,0.03884430603204427,4098.2348149872005
25,0.1,909.090909090909,1000.0,squish,0.19078947368421054,152,992.8900480333434,0.08660999999999999,0.00678928076701305,2033.2657891698423
26,299.0,1.0,300.0,sots,,52,299.00000000000017,2.25695,0.49914514533461213,1.0
26,299.0,1.0,300.0,squish,0.17077020202020202,135,271.86670363558983,0.10403,0.04014457345367836,21.695184081514945
26,299.0,1.0,300.0,dots,402187.5,89,290.2514651347299,0.645,0.2807800008705907,3.499147286821705
26,299.0,1.0,300.0,dp,281.25,64,271.07493173401963,0.02476,0.0009968840342676664,91.15306946688206
26,30.0,9.67741935483871,300.0,dp,281.25,64,271.07493173401963,0.03233,0.008881447579708565,71.84596350139189
26,30.0,9.67741935483871,300.0,dots,402187.5,89,290.2514651347299,0.57243,0.27684427251113974,4.057753786489178
26,30.0,9.67741935483871,300.0,sots,,54,290.32258064516185,2.32278,0.609632617602146,1.0
26,30.0,9.67741935483871,300.0,squish,0.17077020202020202,135,271.86670363558983,0.21836,0.2837116893373741,10.637387799963363
26,5.0,50.0,300.0,squish,0.17077020202020202,135,271.86670363558983,0.14701999999999998,0.160256695474618,13.80376819480343
26,5.0,50.0,300.0,sots,,64,250.00000000000065,2.02943,0.33272916931208646,1.0
26,5.0,50.0,300.0,dots,402187.5,89,290.2514651347299,0.62123,0.3045679637709054,3.2667932971685207
26,5.0,50.0,300.0,dp,281.25,64,271.07493173401963,0.14551,0.37345122379710516,13.947013950931208
26,0.5,200.0,300.0,sots,,48,300.0000000000002,14.08404,1.0890722985897467,1.0
26,0.5,200.0,300.0,squish,0.17077020202020202,135,271.86670363558983,0.09107,0.009746572046964342,154.65070824640387
26,0.5,200.0,300.0,dp,281.25,64,271.07493173401963,0.02657,0.0073629779603394474,530.0730146782086
26,0.5,200.0,300.0,dots,402187.5,89,290.2514651347299,0.47389000000000003,0.06497909834879384,29.720061617674986
26,0.1,272.727272727273,300.0,dp,281.25,64,271.07493173401963,0.03174,0.014673346963495109,5094.385633270322
26,0.1,272.727272727273,300.0,squish,0.17077020202020202,135,271.86670363558983,0.10815,0.024057581387625444,1495.106796116505
26,0.1,272.727272727273,300.0,dots,402187.5,89,290.2514651347299,0.4803,0.07384992289170729,336.6558400999375
26,0.1,272.727272727273,300.0,sots,,48,299.534763224848,161.6958,41.23487768568416,1.0
26,299.0,3.33333333333333,1000.0,sots,,28,996.6666666666658,2.21828,0.2342259251235866,1.0
26,299.0,3.33333333333333,1000.0,dp,718.75,30,631.961803765843,0.016819999999999998,0.0039588999594444025,131.88347205707493
26,299.0,3.33333333333333,1000.0,dots,4000000.0,47,834.8442678464314,0.6741,0.149227023170887,3.2907283785788457
26,299.0,3.33333333333333,1000.0,squish,0.06723484848484848,53,834.8442678464315,0.05151,0.017608801460885656,43.06503591535624
26,30.0,32.258064516129,1000.0,squish,0.06723484848484848,53,834.8442678464315,0.04675,0.005332135282104785,47.67422459893048
26,30.0,32.258064516129,1000.0,dp,718.75,30,631.961803765843,0.01512,0.0011764352935882193,147.40542328042326
26,30.0,32.258064516129,1000.0,dots,4000000.0,47,834.8442678464314,0.64316,0.22282567276784884,3.465342993967287
26,30.0,32.258064516129,1000.0,sots,,28,967.7419354838705,2.22877,0.2950592673044218,1.0
26,5.0,166.666666666667,1000.0,dots,4000000.0,47,834.8442678464314,0.5636,0.233290658002225,3.2690738112136266
26,5.0,166.666666666667,1000.0,sots,,30,833.3359725413717,1.84245,0.08796461725539928,1.0
26,5.0,166.666666666667,1000.0,squish,0.06723484848484848,53,834.8442678464315,0.041389999999999996,0.0016065490966665158,44.51437545300797
26,5.0,166.666666666667,1000.0,dp,718.75,30,631.961803765843,0.01383,0.0007761013679496601,133.22125813449023
26,0.5,666.666666666667,1000.0,sots,,26,1000.000000000001,16.73312,0.06236920180131658,1.0
26,0.5,666.666666666667,1000.0,dots,4000000.0,47,834.8442678464314,0.49033,0.019537374439775677,34.12624151081924
26,0.5,666.666666666667,1000.0,squish,0.06723484848484848,53,834.8442678464315,0.04064,0.0012615686884016883,411.7401574803149
26,0.5,666.666666666667,1000.0,dp,718.75,30,631.961803765843,0.0139,0.0007615773105863907,1203.821582733813
26,0.1,909.090909090909,1000.0,dots,4000000.0,47,834.8442678464314,0.53513,0.03854613541660896,321.1314260086334
26,0.1,909.090909090909,1000.0,squish,0.06723484848484848,53,834.8442678464315,0.04551,0.007418962191573695,3776.028565150516
26,0.1,909.090909090909,1000.0,dp,718.75,30,631.961803765843,0.01717,0.007908230592939934,10008.564938846825
26,0.1,909.090909090909,1000.0,sots,,26,999.9999999999994,171.84706,9.865110663365337,1.0
27,299.0,1.0,300.0,dots,92109.375,268,253.37194359140133,0.24401,0.08215308812752499,3.3558050899553296
27,299.0,1.0,300.0,dp,300.0,152,292.85540236369275,0.04337,0.011617520293839724,18.880562600876182
27,299.0,1.0,300.0,sots,,156,299.00000000000034,0.81885,0.11795320399774367,1.0
27,299.0,1.0,300.0,squish,0.586453744493392,266,253.37194359140133,0.05471,0.0024704700407457343,14.96709925059404
27,30.0,9.67741935483871,300.0,dots,92109.375,268,253.37194359140133,1.06319,2.62437990239811,1.0214448969610324
27,30.0,9.67741935483871,300.0,sots,,158,290.3225806451618,1.08599,0.4609419014968758,1.0
27,30.0,9.67741935483871,300.0,dp,300.0,152,292.85540236369275,0.0519,0.026986251643712537,20.92466281310212
27,30.0,9.67741935483871,300.0,squish,0.586453744493392,266,253.37194359140133,0.062079999999999996,0.017927929793109598,17.4933956185567
27,5.0,50.0,300.0,dp,300.0,152,292.85540236369275,0.04453,0.011240309406575763,21.02492701549517
27,5.0,50.0,300.0,squish,0.586453744493392,266,253.37194359140133,0.05604,0.0018578362563895542,16.70663811563169
27,5.0,50.0,300.0,dots,92109.375,268,253.37194359140133,0.21413000000000001,0.01433550758702941,4.372297202633914
27,5.0,50.0,300.0,sots,,172,250.00148292133827,0.93624,0.284065228033594,1.0
27,0.5,200.0,300.0,sots,,144,300.00000000000017,7.54627,0.8668010601567636,1.0
27,0.5,200.0,300.0,squish,0.586453744493392,266,253.37194359140133,0.05098,0.003970950068238637,148.02412710867006
27,0.5,200.0,300.0,dots,92109.375,268,253.37194359140133,0.21757,0.05003161333930112,34.68433147952383
27,0.5,200.0,300.0,dp,300.0,152,292.85540236369275,0.03836,0.007442848916913468,196.7223670490094
27,0.1,272.727272727273,300.0,dots,92109.375,268,253.37194359140133,0.32323,0.1953211034282892,470.44101723231137
27,0.1,272.727272727273,300.0,sots,,142,300.00000000000017,152.06065,168.9321604526191,1.0
27,0.1,272.727272727273,300.0,dp,300.0,152,292.85540236369275,0.04231,0.005838464409985444,3593.964783739069
27,0.1,272.727272727273,300.0,squish,0.586453744493392,266,253.37194359140133,0.06814,0.02394624535635319,2231.5915761667156
27,299.0,3.33333333333333,1000.0,squish,0.2516519823788546,114,896.9216601308042,0.04574,0.004762865617345182,23.53760384783559
27,299.0,3.33333333333333,1000.0,dots,1406250.0,107,972.8952801027825,0.25896,0.03616413816046069,4.157437442075996
27,299.0,3.33333333333333,1000.0,dp,921.875,72,911.9147793719652,0.02257,0.0016459040069214243,47.70093043863536
27,299.0,3.33333333333333,1000.0,sots,,64,996.6666666666654,1.07661,0.1993226945321469,1.0
27,30.0,32.258064516129,1000.0,squish,0.2516519823788546,114,896.9216601308042,0.06576,0.0485421512136045,15.779349148418492
27,30.0,32.258064516129,1000.0,dp,921.875,72,911.9147793719652,0.02593,0.006513925254577476,40.017354415734665
27,30.0,32.258064516129,1000.0,sots,,66,967.7419354838702,1.03765,0.0642818662869501,1.0
27,30.0,32.258064516129,1000.0,dots,1406250.0,107,972.8952801027825,0.31416,0.12081215170668885,3.3029348102877516
27,5.0,166.666666666667,1000.0,sots,,76,833.3333333333358,1.05403,0.11789328555001669,1.0
27,5.0,166.666666666667,1000.0,dp,921.875,72,911.9147793719652,0.024820000000000002,0.007724966738511637,42.46696212731668
27,5.0,166.666666666667,1000.0,dots,1406250.0,107,972.8952801027825,0.29501,0.07968839940668904,3.5728619368834957
27,5.0,166.666666666667,1000.0,squish,0.2516519823788546,114,896.9216601308042,0.04367,0.0013081369279330898,24.136249141286925
27,0.5,666.666666666667,1000.0,squish,0.2516519823788546,114,896.9216601308042,0.04929,0.015790112940275845,210.97646581456684
27,0.5,666.666666666667,1000.0,sots,,60,977.9773853529637,10.39903,0.8234574239145578,1.0
27,0.5,666.666666666667,1000.0,dots,1406250.0,107,972.8952801027825,0.25994,0.025685196774277066,40.005501269523734
27,0.5,666.666666666667,1000.0,dp,921.875,72,911.9147793719652,0.03092,0.013062567384196212,336.3205045278137
27,0.1,909.090909090909,1000.0,dots,1406250.0,107,972.8952801027825,0.2577,0.040617429209091456,333.3044237485448
27,0.1,909.090909090909,1000.0,dp,921.875,72,911.9147793719652,0.02241,0.001094887107321014,3832.777777777778
27,0.1,909.090909090909,1000.0,squish,0.2516519823788546,114,896.9216601308042,0.04525,0.004586271785327258,1898.1779005524863
27,0.1,909.090909090909,1000.0,sots,,58,992.2218160428671,85.89255,5.742659882212926,1.0
28,299.0,1.0,300.0,dots,1e-09,5,0.0,0.01298,0.002481397455736048,2.521571648690293
28,299.0,1.0,300.0,sots,,6,299.00000000000017,0.03273,0.009541261272319645,1.0
28,299.0,1.0,300.0,dp,0.0,5,0.0,0.00164,0.0007105553383719588,19.957317073170735
28,299.0,1.0,300.0,squish,1.0,5,0.0,0.00041,0.00015951314818673867,79.82926829268294
28,30.0,9.67741935483871,300.0,sots,,6,290.3225806451618,0.03141,0.008352172039522281,1.0
28,30.0,9.67741935483871,300.0,squish,1.0,5,0.0,0.00039999999999999996,0.0001414213562373095,78.525
28,30.0,9.67741935483871,300.0,dots,1e-09,5,0.0,0.01565,0.007134306787161127,2.0070287539936102
28,30.0,9.67741935483871,300.0,dp,0.0,5,0.0,0.00146,0.00026331223544175336,21.513698630136986
28,5.0,50.0,300.0,squish,1.0,5,0.0,0.00041999999999999996,0.00020439612955674524,82.85714285714286
28,5.0,50.0,300.0,sots,,6,250.00000000000057,0.0348,0.015132525675951565,1.0
28,5.0,50.0,300.0,dp,0.0,5,0.0,0.00174,0.0005125101625008685,20.0
28,5.0,50.0,300.0,dots,1e-09,5,0.0,0.01781,0.018306431778051243,1.9539584503088152
28,0.5,200.0,300.0,dp,0.0,5,0.0,0.0015,0.00046666666666666666,57.666666666666664
28,0.5,200.0,300.0,sots,,6,291.547594742265,0.0865,0.037452310416789446,1.0
28,0.5,200.0,300.0,squish,1.0,5,0.0,0.00028,6.324555320336758e-05,308.92857142857144
28,0.5,200.0,300.0,dots,1e-09,5,0.0,0.01412,0.004521749907084891,6.126062322946175
28,0.1,272.727272727273,300.0,squish,1.0,5,0.0,0.00048,0.0002485513584307633,960.6874999999999
28,0.1,272.727272727273,300.0,sots,,6,297.04119423807253,0.46113,0.0809177366904878,1.0
28,0.1,272.727272727273,300.0,dp,0.0,5,0.0,0.0016899999999999999,0.0004863697724525606,272.85798816568047
28,0.1,272.727272727273,300.0,dots,1e-09,5,0.0,0.01197,0.001734646938140439,38.523809523809526
28,299.0,3.33333333333333,1000.0,dots,1e-09,5,0.0,0.01208,0.002928329064690495,2.6307947019867552
28,299.0,3.33333333333333,1000.0,sots,,4,996.6666666666655,0.03178,0.009322827420429444,1.0
28,299.0,3.33333333333333,1000.0,dp,0.0,5,0.0,0.00133,0.0001251665557034573,23.894736842105264
28,299.0,3.33333333333333,1000.0,squish,1.0,5,0.0,0.00031999999999999997,0.00018737959096740261,99.31250000000001
28,30.0,32.258064516129,1000.0,dots,1e-09,5,0.0,0.01115,0.0013922404006971398,3.317488789237668
28,30.0,32.258064516129,1000.0,squish,1.0,5,0.0,0.00028,9.189365834726815e-05,132.1071428571429
28,30.0,32.258064516129,1000.0,sots,,4,967.7419354838701,0.03699,0.014525949959373473,1.0
28,30.0,32.258064516129,1000.0,dp,0.0,5,0.0,0.0016,0.0006896053621859067,23.11875
28,5.0,166.666666666667,1000.0,dp,0.0,5,0.0,0.00157,0.0004762119042797835,17.88535031847134
28,5.0,166.666666666667,1000.0,squish,1.0,5,0.0,0.00041,0.00026436506745197805,68.48780487804878
28,5.0,166.666666666667,1000.0,sots,,4,833.3333333333351,0.02808,0.0018546038810364756,1.0
28,5.0,166.666666666667,1000.0,dots,1e-09,5,0.0,0.01297,0.004608699503234195,2.1649961449498845
28,0.5,666.666666666667,1000.0,dots,1e-09,5,0.0,0.0146,0.005637375275782161,8.169178082191781
28,0.5,666.666666666667,1000.0,dp,0.0,5,0.0,0.0014,0.0001763834207376394,85.19285714285715
28,0.5,666.666666666667,1000.0,sots,,4,985.275020860733,0.11927,0.04431566189158059,1.0
28,0.5,666.666666666667,1000.0,squish,1.0,5,0.0,0.00051,0.00031073389830457113,233.8627450980392
28,0.1,909.090909090909,1000.0,dp,0.0,5,0.0,0.00151,0.0003754996671103718,479.99337748344374
28,0.1,909.090909090909,1000.0,sots,,4,998.4492107494913,0.72479,0.20360279658633815,1.0
28,0.1,909.090909090909,1000.0,dots,1e-09,5,0.0,0.01713,0.01602768784877525,42.31115002918856
28,0.1,909.090909090909,1000.0,squish,1.0,5,0.0,0.00042,0.00022509257354845513,1725.6904761904761
29,299.0,1.0,300.0,squish,0.49494556765163294,318,287.8236294758135,0.1266,0.052885221628226786,14.78657187993681
29,299.0,1.0,300.0,sots,,186,299.0015889424579,1.87198,1.980621243616928,1.0
29,299.0,1.0,300.0,dots,102656.25,291,278.10420715845805,0.33546,0.03138404407054997,5.580337447087581
29,299.0,1.0,300.0,dp,83.7890625,352,91.04812687454748,0.10525999999999999,0.04398192052802302,17.78434353030591
29,30.0,9.67741935483871,300.0,sots,,190,290.32404034207326,1.34838,0.3291383255309739,1.0
29,30.0,9.67741935483871,300.0,dots,102656.25,291,278.10420715845805,0.39425,0.11406698081000965,3.4201141407736206
29,30.0,9.67741935483871,300.0,dp,83.7890625,352,91.04812687454748,0.11801,0.07588165420208264,11.425980849080585
29,30.0,9.67741935483871,300.0,squish,0.49494556765163294,318,287.8236294758135,0.1198,0.03633458713433004,11.255258764607678
29,5.0,50.0,300.0,squish,0.49494556765163294,318,287.8236294758135,0.1045,0.006781510811676767,12.497129186602871
29,5.0,50.0,300.0,sots,,218,250.0016112571649,1.30595,0.16167103258709573,1.0
29,5.0,50.0,300.0,dots,102656.25,291,278.10420715845805,0.38122,0.055223179513276446,3.4257121871885
29,5.0,50.0,300.0,dp,83.7890625,352,91.04812687454748,0.09045,0.017101608111519805,14.438363736871198
29,0.5,200.0,300.0,dp,83.7890625,352,91.04812687454748,0.09597,0.03783387811648885,126.90497030321976
29,0.5,200.0,300.0,sots,,170,300.0000000000002,12.17907,0.49824017646557217,1.0
29,0.5,200.0,300.0,dots,102656.25,291,278.10420715845805,0.38628,0.10855856381593199,31.52912395153774
29,0.5,200.0,300.0,squish,0.49494556765163294,318,287.8236294758135,0.15152,0.06102851428271505,80.37928986272439
29,0.1,272.727272727273,300.0,sots,,166,300.0000000000005,95.27998,4.455584820773938,1.0
29,0.1,272.727272727273,300.0,dp,83.7890625,352,91.04812687454748,0.10394,0.03799170084812383,916.6825091398883
29,0.1,272.727272727273,300.0,squish,0.49494556765163294,318,287.8236294758135,0.10541,0.005014523351670072,903.8988710748505
29,0.1,272.727272727273,300.0,dots,102656.25,291,278.10420715845805,0.32289,0.029256963083835092,295.0849515314813
29,299.0,3.33333333333333,1000.0,dots,2406250.0,94,938.5143819060289,0.33073,0.037219828944618574,4.181114504278414
29,299.0,3.33333333333333,1000.0,squish,0.27566096423017106,177,922.6215510793957,0.09041,0.013870067691896016,15.294989492312796
29,299.0,3.33333333333333,1000.0,dp,843.75,77,837.2754668903167,0.02479,0.0017965708075850136,55.78136345300524
29,299.0,3.33333333333333,1000.0,sots,,66,996.6666666666655,1.38282,0.26013788565980844,1.0
29,30.0,32.258064516129,1000.0,sots,,68,967.7508014898613,1.30571,0.08821983211148032,1.0
29,30.0,32.258064516129,1000.0,dp,843.75,77,837.2754668903167,0.02549,0.002187565872024073,51.22440172616712
29,30.0,32.258064516129,1000.0,dots,2406250.0,94,938.5143819060289,0.36949,0.06347763298114453,3.5338168827302496
29,30.0,32.258064516129,1000.0,squish,0.27566096423017106,177,922.6215510793957,0.09719,0.020614690015725304,13.434612614466507
29,5.0,166.666666666667,1000.0,sots,,88,833.3333333333358,1.31934,0.0862413306432079,1.0
29,5.0,166.666666666667,1000.0,squish,0.27566096423017106,177,922.6215510793957,0.09085,0.004923469869467625,14.522179416620803
29,5.0,166.666666666667,1000.0,dp,843.75,77,837.2754668903167,0.02758,0.007145441437261475,47.836838288614935
29,5.0,166.666666666667,1000.0,dots,2406250.0,94,938.5143819060289,0.3664,0.06923147967346775,3.6008187772925764
29,0.5,666.666666666667,1000.0,sots,,56,997.3788943944852,11.13424,0.3563101058846853,1.0
29,0.5,666.666666666667,1000.0,dp,843.75,77,837.2754668903167,0.0244,0.0014590712418826193,456.3213114754098
29,0.5,666.666666666667,1000.0,squish,0.27566096423017106,177,922.6215510793957,0.09584,0.02708419793491729,116.17529215358933
29,0.5,666.666666666667,1000.0,dots,2406250.0,94,938.5143819060289,0.39052,0.09698190896588221,28.511318242343545
29,0.1,909.090909090909,1000.0,sots,,54,999.9747170082595,100.27757,2.0844008331999015,1.0
29,0.1,909.090909090909,1000.0,squish,0.27566096423017106,177,922.6215510793957,0.09183,0.01593249997820667,1091.9913971469018
29,0.1,909.090909090909,1000.0,dots,2406250.0,94,938.5143819060289,0.34591,0.07159603418563847,289.89497268075513
29,0.1,909.090909090909,1000.0,dp,843.75,77,837.2754668903167,0.02469,0.0016086225992030159,4061.4649655731064
30,299.0,1.0,300.0,squish,0.11725,117,245.57081806414976,0.09604,0.020529555929602247,25.419616826322365
30,299.0,1.0,300.0,sots,,40,299.00000000000017,2.4413,0.2158150803092521,1.0
30,299.0,1.0,300.0,dots,540000.0,66,283.2406115327767,0.61726,0.06957142133567967,3.9550594563069046
30,299.0,1.0,300.0,dp,300.0,47,291.4897641936884,0.02262,0.008710504514027238,107.92661361626878
30,30.0,9.67741935483871,300.0,sots,,40,287.1672318950135,2.32933,0.21620711289563682,1.0
30,30.0,9.67741935483871,300.0,dots,540000.0,66,283.2406115327767,0.64949,0.09769901000294505,3.586398558869267
30,30.0,9.67741935483871,300.0,squish,0.11725,117,245.57081806414976,0.095,0.012298419049256337,24.519263157894738
30,30.0,9.67741935483871,300.0,dp,300.0,47,291.4897641936884,0.02055,0.0028578352335679224,113.34939172749392
30,5.0,50.0,300.0,dp,300.0,47,291.4897641936884,0.01864,0.00025473297566057065,135.55472103004294
30,5.0,50.0,300.0,squish,0.11725,117,245.57081806414976,0.09035,0.0037244686421913477,27.966131710016604
30,5.0,50.0,300.0,dots,540000.0,66,283.2406115327767,0.60873,0.09241624496447219,4.150838631248666
30,5.0,50.0,300.0,sots,,50,249.99999999999991,2.52674,0.2912945138133875,1.0
30,0.5,200.0,300.0,sots,,34,291.547594742265,18.4843,0.4262324483189895,1.0
30,0.5,200.0,300.0,squish,0.11725,117,245.57081806414976,0.09764,0.02475301104018571,189.31073330602212
30,0.5,200.0,300.0,dots,540000.0,66,283.2406115327767,0.65582,0.08815744501238174,28.18502027995487
30,0.5,200.0,300.0,dp,300.0,47,291.4897641936884,0.02008,0.002147246298556984,920.5328685258964
30,0.1,272.727272727273,300.0,dp,300.0,47,291.4897641936884,0.01982,0.0015831052467294218,8464.66094853683
30,0.1,272.727272727273,300.0,dots,540000.0,66,283.2406115327767,0.67103,0.15981380867886372,250.01800217575962
30,0.1,272.727272727273,300.0,sots,,34,298.93386470296394,167.76958,7.418986390306668,1.0
30,0.1,272.727272727273,300.0,squish,0.11725,117,245.57081806414976,0.09014,0.003975256805121735,1861.2112269802528
30,299.0,3.33333333333333,1000.0,dp,1005.37109375,17,824.6514470292932,0.01254,0.0012589237025685427,254.70813397129186
30,299.0,3.33333333333333,1000.0,dots,7000000.0,27,988.675329694886,1.0186,0.06887305552810748,3.1357156881994896
30,299.0,3.33333333333333,1000.0,squish,0.05125,51,619.2461355129781,0.06837,0.02937300536963224,46.716981132075475
30,299.0,3.33333333333333,1000.0,sots,,14,946.3981505087121,3.19404,0.43787288921684914,1.0
30,30.0,32.258064516129,1000.0,dots,7000000.0,27,988.675329694886,1.15391,0.24404461545654585,2.7503098161901707
30,30.0,32.258064516129,1000.0,squish,0.05125,51,619.2461355129781,0.05808,0.012471282567919344,54.64204545454545
30,30.0,32.258064516129,1000.0,dp,1005.37109375,17,824.6514470292932,0.02623,0.02638800442962252,120.99161265726268
30,30.0,32.258064516129,1000.0,sots,,14,967.7419354838698,3.17361,0.4105384092194595,1.0
30,5.0,166.666666666667,1000.0,dp,1005.37109375,17,824.6514470292932,0.01232,0.001201665510863984,182.15990259740258
30,5.0,166.666666666667,1000.0,squish,0.05125,51,619.2461355129781,0.06009,0.02194910527156454,37.347478781827256
30,5.0,166.666666666667,1000.0,sots,,14,833.3333333333346,2.24421,0.08594635859392505,1.0
30,5.0,166.666666666667,1000.0,dots,7000000.0,27,988.675329694886,0.94543,0.03947314276821647,2.3737452799255365
30,0.5,666.666666666667,1000.0,sots,,14,1000.0000000000003,23.81803,0.547624098670287,1.0
30,0.5,666.666666666667,1000.0,squish,0.05125,51,619.2461355129781,0.055189999999999996,0.008900617956074735,431.5642326508426
30,0.5,666.666666666667,1000.0,dots,7000000.0,27,988.675329694886,1.08963,0.2617341571136637,21.858823637381494
30,0.5,666.666666666667,1000.0,dp,1005.37109375,17,824.6514470292932,0.011519999999999999,0.00046380072349136236,2067.537326388889
30,0.1,909.090909090909,1000.0,sots,,12,999.9999999999999,233.93324,9.843875844537386,1.0
30,0.1,909.090909090909,1000.0,dp,1005.37109375,17,824.6514470292932,0.01217,0.0007484057129065164,19222.123253903042
30,0.1,909.090909090909,1000.0,squish,0.05125,51,619.2461355129781,0.0563,0.01144396978519449,4155.11971580817
30,0.1,909.090909090909,1000.0,dots,7000000.0,27,988.675329694886,1.02116,0.21805017873059507,229.08578479376396
