epsilon,bound_group,size_group,algorithm,mean_core_ms,mean_points,mean_frechet,cases,speedup_vs_sots
0.1,both,both,sots,92.61294,41.80,648.66,40,1.00
0.1,both,both,dots,0.23701,75.03,476.87,40,390.75
0.1,both,both,squish,0.04691,89.85,454.37,40,1974.16
0.1,both,both,dp,0.01933,65.08,442.20,40,4791.21
0.1,both,small,sots,21.06507,10.70,648.03,20,1.00
0.1,both,small,dots,0.06310,17.15,429.77,20,333.84
0.1,both,small,squish,0.00443,19.70,417.53,20,4756.17
0.1,both,small,dp,0.00526,13.45,436.48,20,4005.15
0.1,both,large,sots,164.16082,72.90,649.29,20,1.00
0.1,both,large,dots,0.41093,132.90,523.96,20,399.49
0.1,both,large,squish,0.08940,160.00,491.22,20,1836.33
0.1,both,large,dp,0.03340,116.70,447.93,20,4914.99
0.5,both,both,sots,7.90824,42.75,641.93,40,1.00
0.5,both,both,dots,0.22997,75.03,476.87,40,34.39
0.5,both,both,squish,0.04520,89.85,454.37,40,174.95
0.5,both,both,dp,0.01946,65.08,442.20,40,406.37
0.5,both,small,sots,2.17413,10.90,639.51,20,1.00
0.5,both,small,dots,0.07255,17.15,429.77,20,29.97
0.5,both,small,squish,0.00475,19.70,417.53,20,457.42
0.5,both,small,dp,0.00554,13.45,436.48,20,392.76
0.5,both,large,sots,13.64235,74.60,644.36,20,1.00
0.5,both,large,dots,0.38739,132.90,523.96,20,35.22
0.5,both,large,squish,0.08565,160.00,491.22,20,159.28
0.5,both,large,dp,0.03339,116.70,447.93,20,408.63
5.0,both,both,sots,0.99136,52.45,540.69,40,1.00
5.0,both,both,dots,0.25008,75.03,476.87,40,3.96
5.0,both,both,squish,0.04536,89.85,454.37,40,21.85
5.0,both,both,dp,0.01939,65.08,442.20,40,51.13
5.0,both,small,sots,0.30706,12.70,539.72,20,1.00
5.0,both,small,dots,0.08800,17.15,429.77,20,3.49
5.0,both,small,squish,0.00438,19.70,417.53,20,70.11
5.0,both,small,dp,0.00591,13.45,436.48,20,51.93
5.0,both,large,sots,1.67565,92.20,541.67,20,1.00
5.0,both,large,dots,0.41216,132.90,523.96,20,4.07
5.0,both,large,squish,0.08634,160.00,491.22,20,19.41
5.0,both,large,dp,0.03287,116.70,447.93,20,50.98
30.0,both,both,sots,0.92500,47.40,628.18,40,1.00
30.0,both,both,dots,0.22932,75.03,476.87,40,4.03
30.0,both,both,squish,0.04542,89.85,454.37,40,20.37
30.0,both,both,dp,0.01946,65.08,442.20,40,47.53
30.0,both,small,sots,0.28754,11.80,627.48,20,1.00
30.0,both,small,dots,0.07652,17.15,429.77,20,3.76
30.0,both,small,squish,0.00431,19.70,417.53,20,66.66
30.0,both,small,dp,0.00478,13.45,436.48,20,60.20
30.0,both,large,sots,1.56247,83.00,628.88,20,1.00
30.0,both,large,dots,0.38212,132.90,523.96,20,4.09
30.0,both,large,squish,0.08652,160.00,491.22,20,18.06
30.0,both,large,dp,0.03414,116.70,447.93,20,45.76
299.0,both,both,sots,0.99318,46.80,646.47,40,1.00
299.0,both,both,dots,0.24734,75.03,476.87,40,4.02
299.0,both,both,squish,0.04702,89.85,454.37,40,21.12
299.0,both,both,dp,0.01998,65.08,442.20,40,49.72
299.0,both,small,sots,0.29082,11.70,647.61,20,1.00
299.0,both,small,dots,0.07316,17.15,429.77,20,3.98
299.0,both,small,squish,0.00437,19.70,417.53,20,66.49
299.0,both,small,dp,0.00566,13.45,436.48,20,51.40
299.0,both,large,sots,1.69553,81.90,645.32,20,1.00
299.0,both,large,dots,0.42152,132.90,523.96,20,4.02
299.0,both,large,squish,0.08967,160.00,491.22,20,18.91
299.0,both,large,dp,0.03429,116.70,447.93,20,49.44
