epsilon	delta	delta_numer	id	sots_ms	sots_std	squish_ms	squish_std	ratio	speedup	sots_points	squish_points
0.5	200	300	11	2.5884999999999998	0.055451690686578646	0.0028	0.00043588989435406738	0.15	0.00108171	20	15
0.5	200	300	12	2.3046333333333333	0.729569834445842	0.0042000000000000006	0.00010000000000000005	0.15	0.00182242	28	15
0.5	200	300	13	2.1420000000000003	0.20326000590376864	0.0038333333333333336	5.773502691896266e-05	0.15	0.0017896	12	15
0.5	200	300	14	2.5545	1.0055812050749557	0.0033999999999999998	0.0006082762530298224	0.15	0.00133098	18	15
0.5	200	300	15	2.1189	0.026345587865902711	0.0046333333333333331	0.0021385353243127255	0.15	0.00218667	12	15
0.5	200	300	16	1.4812666666666667	0.027113895576499677	0.0043666666666666663	0.00056862407030773283	0.15	0.00294793	4	15
0.5	200	300	17	1.9605666666666668	0.45677572542040062	0.0038999999999999998	0.00029999999999999992	0.15	0.00198922	24	15
0.5	200	300	18	0.070099999999999996	0.0046572524088779998	0.00020000000000000001	9.9999999999999991e-05	0.15	0.00285307	6	1
0.5	200	300	19	1.7057666666666667	0.048758212983387013	0.0042000000000000006	0.00045825756949558399	0.15	0.00246224	22	15
0.5	200	300	20	2.7394333333333334	0.044099017373784348	0.0035333333333333332	0.00011547005383792521	0.15	0.0012898	4	15
